/*
 *  File name:  setup.sql
 *  Function:   to create the initial database schema for the CMPUT 391 project,
 *              Winter Term, 2015
 *  Author:     Prof. Li-Yan Yuan
 */
DROP TABLE family_doctor;
DROP TABLE pacs_images;
DROP TABLE radiology_record;
DROP TABLE users;
DROP TABLE persons;

/*
 *  To store the personal information
 */
CREATE TABLE persons (
   person_id int,
   first_name varchar(24),
   last_name  varchar(24),
   address    varchar(128),
   email      varchar(128),
   phone      char(10),
   PRIMARY KEY(person_id),
   UNIQUE (email)
);

/*
 *  To store the log-in information
 *  Note that a person may have been assigned different user_name(s), depending
 *  on his/her role in the log-in  
 */
CREATE TABLE users (
   user_name varchar(24),
   password  varchar(24),
   class     char(1),
   person_id int,
   date_registered date,
   CHECK (class in ('a','p','d','r')),
   PRIMARY KEY(user_name),
   FOREIGN KEY (person_id) REFERENCES persons
);

/*
 *  to indicate who is whose family doctor.
 */
CREATE TABLE family_doctor (
   doctor_id    int,
   patient_id   int,
   FOREIGN KEY(doctor_id) REFERENCES persons,
   FOREIGN KEY(patient_id) REFERENCES persons,
   PRIMARY KEY(doctor_id,patient_id)
);

/*
 *  to store the radiology records
 */
CREATE TABLE radiology_record (
   record_id   int,
   patient_id  int,
   doctor_id   int,
   radiologist_id int,
   test_type   varchar(24),
   prescribing_date date,
   test_date    date,
   diagnosis    varchar(128),
   description   varchar(1024),
   PRIMARY KEY(record_id),
   FOREIGN KEY(patient_id) REFERENCES persons,
   FOREIGN KEY(doctor_id) REFERENCES  persons,
   FOREIGN KEY(radiologist_id) REFERENCES  persons
);

/*
 *  to store the pacs images
 */
CREATE TABLE pacs_images (
   record_id   int,
   image_id    int,
   thumbnail   blob,
   regular_size blob,
   full_size    blob,
   PRIMARY KEY(record_id,image_id),
   FOREIGN KEY(record_id) REFERENCES radiology_record
);
Insert into persons values (0, 'Raymond', 'Lieu', '0Edmonton', 'Raymond@hotmail.com', '7800000000');
Insert into persons values (1, 'Liangrui', 'Lu', '1Edmonton', 'Liangrui@hotmail.com', '7801111111');
Insert into persons values (2, 'Omar', 'Zioueche', '2Edmonton', 'Omar@hotmail.com', '7802222222');
Insert into persons values (3, 'Ichigo', 'Kurosaki', '3Edmonton', 'Ichigo@hotmail.com', '7803333333');
Insert into persons values (4, 'Byakuya', 'Kuchiki', '4Edmonton', 'Byakuya@hotmail.com', '7804444444');
Insert into persons values (5, 'Urahara', 'Kisuke', '5Edmonton', 'Urahara@hotmail.com', '7805555555');
Insert into persons values (6, 'Hitsuguya', 'Toshiro', '6Edmonton', 'Hitsuguya@hotmail.com', '7806666666');
Insert into persons values (7, 'Renji', 'Abarai', '7Edmonton', 'Renji@hotmail.com', '7807777777');
Insert into persons values (8, 'Aizen', 'Sousuke', '8Edmonton', 'Aizen@hotmail.com', '7808888888');
Insert into persons values (9, 'Kenpachi', 'Zaraki', '9Edmonton', 'Kenpachi@hotmail.com', '7800000000');
Insert into persons values (10, 'Naruto', 'Uzumaki', '10Edmonton', 'Naruto@hotmail.com', '7801111111');
Insert into persons values (11, 'Sasuke', 'Uchiha', '11Edmonton', 'Sasuke@hotmail.com', '7802222222');
Insert into persons values (12, 'Itachi', 'Uchiha', '12Edmonton', 'Itachi@hotmail.com', '7803333333');
Insert into persons values (13, 'Madara', 'Uchiha', '13Edmonton', 'Madara@hotmail.com', '7804444444');
Insert into persons values (14, 'Kakashi', 'Hatake', '14Edmonton', 'Kakashi@hotmail.com', '7805555555');
Insert into persons values (15, 'Hinata', 'Hyuga', '15Edmonton', 'Hinata@hotmail.com', '7806666666');
Insert into persons values (16, 'Oga', 'Tatsumi', '16Edmonton', 'Oga@hotmail.com', '7807777777');
Insert into persons values (17, 'Aoi', 'Kuneida', '17Edmonton', 'Aoi@hotmail.com', '7808888888');
Insert into persons values (18, 'Tatsuya', 'Shiba', '18Edmonton', 'Tatsuya@hotmail.com', '7800000000');
Insert into persons values (19, 'Miyuki', 'Shiba', '19Edmonton', 'Miyuki@hotmail.com', '7801111111');
Insert into persons values (20, 'Moroha', 'Haimura', '20Edmonton', 'Moroha@hotmail.com', '7802222222');
Insert into users values ('admin', 'admin', 'a', 2, '30-Mar-2015');
Insert into users values ('a_RaymondLieu', 'pwd', 'a', 0, '10-Mar-2015');
Insert into users values ('d_RaymondLieu', 'pwd', 'd', 0, '10-Mar-2015');
Insert into users values ('r_RaymondLieu', 'pwd', 'r', 0, '10-Mar-2015');
Insert into users values ('p_RaymondLieu', 'pwd', 'p', 0, '10-Mar-2015');
Insert into users values ('p_LiangruiLu', 'pwd', 'p', 1, '11-Mar-2015');
Insert into users values ('d_OmarZioueche', 'pwd', 'd', 2, '12-Mar-2015');
Insert into users values ('p_OmarZioueche', 'pwd', 'p', 2, '12-Mar-2015');
Insert into users values ('a_IchigoKurosaki', 'pwd', 'a', 3, '13-Mar-2015');
Insert into users values ('p_IchigoKurosaki', 'pwd', 'p', 3, '13-Mar-2015');
Insert into users values ('d_ByakuyaKuchiki', 'pwd', 'd', 4, '14-Mar-2015');
Insert into users values ('p_ByakuyaKuchiki', 'pwd', 'p', 4, '14-Mar-2015');
Insert into users values ('r_UraharaKisuke', 'pwd', 'r', 5, '15-Mar-2015');
Insert into users values ('p_UraharaKisuke', 'pwd', 'p', 5, '15-Mar-2015');
Insert into users values ('a_HitsuguyaToshiro', 'pwd', 'a', 6, '16-Mar-2015');
Insert into users values ('d_HitsuguyaToshiro', 'pwd', 'd', 6, '16-Mar-2015');
Insert into users values ('p_HitsuguyaToshiro', 'pwd', 'p', 6, '16-Mar-2015');
Insert into users values ('p_RenjiAbarai', 'pwd', 'p', 7, '17-Mar-2015');
Insert into users values ('d_AizenSousuke', 'pwd', 'd', 8, '18-Mar-2015');
Insert into users values ('p_AizenSousuke', 'pwd', 'p', 8, '18-Mar-2015');
Insert into users values ('a_KenpachiZaraki', 'pwd', 'a', 9, '19-Mar-2015');
Insert into users values ('p_KenpachiZaraki', 'pwd', 'p', 9, '19-Mar-2015');
Insert into users values ('d_NarutoUzumaki', 'pwd', 'd', 10, '20-Mar-2015');
Insert into users values ('r_NarutoUzumaki', 'pwd', 'r', 10, '20-Mar-2015');
Insert into users values ('p_NarutoUzumaki', 'pwd', 'p', 10, '20-Mar-2015');
Insert into users values ('p_SasukeUchiha', 'pwd', 'p', 11, '21-Mar-2015');
Insert into users values ('a_ItachiUchiha', 'pwd', 'a', 12, '22-Mar-2015');
Insert into users values ('d_ItachiUchiha', 'pwd', 'd', 12, '22-Mar-2015');
Insert into users values ('p_ItachiUchiha', 'pwd', 'p', 12, '22-Mar-2015');
Insert into users values ('p_MadaraUchiha', 'pwd', 'p', 13, '23-Mar-2015');
Insert into users values ('d_KakashiHatake', 'pwd', 'd', 14, '24-Mar-2015');
Insert into users values ('p_KakashiHatake', 'pwd', 'p', 14, '24-Mar-2015');
Insert into users values ('a_HinataHyuga', 'pwd', 'a', 15, '25-Mar-2015');
Insert into users values ('r_HinataHyuga', 'pwd', 'r', 15, '25-Mar-2015');
Insert into users values ('p_HinataHyuga', 'pwd', 'p', 15, '25-Mar-2015');
Insert into users values ('d_OgaTatsumi', 'pwd', 'd', 16, '26-Mar-2015');
Insert into users values ('p_OgaTatsumi', 'pwd', 'p', 16, '26-Mar-2015');
Insert into users values ('p_AoiKuneida', 'pwd', 'p', 17, '27-Mar-2015');
Insert into users values ('a_TatsuyaShiba', 'pwd', 'a', 18, '28-Mar-2015');
Insert into users values ('d_TatsuyaShiba', 'pwd', 'd', 18, '28-Mar-2015');
Insert into users values ('p_TatsuyaShiba', 'pwd', 'p', 18, '28-Mar-2015');
Insert into users values ('p_MiyukiShiba', 'pwd', 'p', 19, '29-Mar-2015');
Insert into users values ('d_MorohaHaimura', 'pwd', 'd', 20, '30-Mar-2015');
Insert into users values ('r_MorohaHaimura', 'pwd', 'r', 20, '30-Mar-2015');
Insert into users values ('p_MorohaHaimura', 'pwd', 'p', 20, '30-Mar-2015');
Insert into family_doctor values (2, 0);
Insert into family_doctor values (4, 0);
Insert into family_doctor values (6, 0);
Insert into family_doctor values (8, 0);
Insert into family_doctor values (10, 0);
Insert into family_doctor values (12, 0);
Insert into family_doctor values (14, 0);
Insert into family_doctor values (16, 0);
Insert into family_doctor values (18, 0);
Insert into family_doctor values (20, 0);
Insert into family_doctor values (0, 1);
Insert into family_doctor values (2, 1);
Insert into family_doctor values (4, 1);
Insert into family_doctor values (6, 1);
Insert into family_doctor values (8, 1);
Insert into family_doctor values (10, 1);
Insert into family_doctor values (12, 1);
Insert into family_doctor values (14, 1);
Insert into family_doctor values (16, 1);
Insert into family_doctor values (18, 1);
Insert into family_doctor values (20, 1);
Insert into family_doctor values (0, 2);
Insert into family_doctor values (4, 2);
Insert into family_doctor values (6, 2);
Insert into family_doctor values (8, 2);
Insert into family_doctor values (10, 2);
Insert into family_doctor values (12, 2);
Insert into family_doctor values (14, 2);
Insert into family_doctor values (16, 2);
Insert into family_doctor values (18, 2);
Insert into family_doctor values (20, 2);
Insert into family_doctor values (0, 3);
Insert into family_doctor values (2, 3);
Insert into family_doctor values (4, 3);
Insert into family_doctor values (6, 3);
Insert into family_doctor values (8, 3);
Insert into family_doctor values (10, 3);
Insert into family_doctor values (12, 3);
Insert into family_doctor values (14, 3);
Insert into family_doctor values (16, 3);
Insert into family_doctor values (18, 3);
Insert into family_doctor values (20, 3);
Insert into family_doctor values (0, 4);
Insert into family_doctor values (2, 4);
Insert into family_doctor values (6, 4);
Insert into family_doctor values (8, 4);
Insert into family_doctor values (10, 4);
Insert into family_doctor values (12, 4);
Insert into family_doctor values (14, 4);
Insert into family_doctor values (16, 4);
Insert into family_doctor values (18, 4);
Insert into family_doctor values (20, 4);
Insert into family_doctor values (0, 5);
Insert into family_doctor values (2, 5);
Insert into family_doctor values (4, 5);
Insert into family_doctor values (6, 5);
Insert into family_doctor values (8, 5);
Insert into family_doctor values (10, 5);
Insert into family_doctor values (12, 5);
Insert into family_doctor values (14, 5);
Insert into family_doctor values (16, 5);
Insert into family_doctor values (18, 5);
Insert into family_doctor values (20, 5);
Insert into family_doctor values (0, 6);
Insert into family_doctor values (2, 6);
Insert into family_doctor values (4, 6);
Insert into family_doctor values (8, 6);
Insert into family_doctor values (10, 6);
Insert into family_doctor values (12, 6);
Insert into family_doctor values (14, 6);
Insert into family_doctor values (16, 6);
Insert into family_doctor values (18, 6);
Insert into family_doctor values (20, 6);
Insert into family_doctor values (0, 7);
Insert into family_doctor values (2, 7);
Insert into family_doctor values (4, 7);
Insert into family_doctor values (6, 7);
Insert into family_doctor values (8, 7);
Insert into family_doctor values (10, 7);
Insert into family_doctor values (12, 7);
Insert into family_doctor values (14, 7);
Insert into family_doctor values (16, 7);
Insert into family_doctor values (18, 7);
Insert into family_doctor values (20, 7);
Insert into family_doctor values (0, 8);
Insert into family_doctor values (2, 8);
Insert into family_doctor values (4, 8);
Insert into family_doctor values (6, 8);
Insert into family_doctor values (10, 8);
Insert into family_doctor values (12, 8);
Insert into family_doctor values (14, 8);
Insert into family_doctor values (16, 8);
Insert into family_doctor values (18, 8);
Insert into family_doctor values (20, 8);
Insert into family_doctor values (0, 9);
Insert into family_doctor values (2, 9);
Insert into family_doctor values (4, 9);
Insert into family_doctor values (6, 9);
Insert into family_doctor values (8, 9);
Insert into family_doctor values (10, 9);
Insert into family_doctor values (12, 9);
Insert into family_doctor values (14, 9);
Insert into family_doctor values (16, 9);
Insert into family_doctor values (18, 9);
Insert into family_doctor values (20, 9);
Insert into family_doctor values (0, 10);
Insert into family_doctor values (2, 10);
Insert into family_doctor values (4, 10);
Insert into family_doctor values (6, 10);
Insert into family_doctor values (8, 10);
Insert into family_doctor values (12, 10);
Insert into family_doctor values (14, 10);
Insert into family_doctor values (16, 10);
Insert into family_doctor values (18, 10);
Insert into family_doctor values (20, 10);
Insert into family_doctor values (0, 11);
Insert into family_doctor values (2, 11);
Insert into family_doctor values (4, 11);
Insert into family_doctor values (6, 11);
Insert into family_doctor values (8, 11);
Insert into family_doctor values (10, 11);
Insert into family_doctor values (12, 11);
Insert into family_doctor values (14, 11);
Insert into family_doctor values (16, 11);
Insert into family_doctor values (18, 11);
Insert into family_doctor values (20, 11);
Insert into family_doctor values (0, 12);
Insert into family_doctor values (2, 12);
Insert into family_doctor values (4, 12);
Insert into family_doctor values (6, 12);
Insert into family_doctor values (8, 12);
Insert into family_doctor values (10, 12);
Insert into family_doctor values (14, 12);
Insert into family_doctor values (16, 12);
Insert into family_doctor values (18, 12);
Insert into family_doctor values (20, 12);
Insert into family_doctor values (0, 13);
Insert into family_doctor values (2, 13);
Insert into family_doctor values (4, 13);
Insert into family_doctor values (6, 13);
Insert into family_doctor values (8, 13);
Insert into family_doctor values (10, 13);
Insert into family_doctor values (12, 13);
Insert into family_doctor values (14, 13);
Insert into family_doctor values (16, 13);
Insert into family_doctor values (18, 13);
Insert into family_doctor values (20, 13);
Insert into family_doctor values (0, 14);
Insert into family_doctor values (2, 14);
Insert into family_doctor values (4, 14);
Insert into family_doctor values (6, 14);
Insert into family_doctor values (8, 14);
Insert into family_doctor values (10, 14);
Insert into family_doctor values (12, 14);
Insert into family_doctor values (16, 14);
Insert into family_doctor values (18, 14);
Insert into family_doctor values (20, 14);
Insert into family_doctor values (0, 15);
Insert into family_doctor values (2, 15);
Insert into family_doctor values (4, 15);
Insert into family_doctor values (6, 15);
Insert into family_doctor values (8, 15);
Insert into family_doctor values (10, 15);
Insert into family_doctor values (12, 15);
Insert into family_doctor values (14, 15);
Insert into family_doctor values (16, 15);
Insert into family_doctor values (18, 15);
Insert into family_doctor values (20, 15);
Insert into family_doctor values (0, 16);
Insert into family_doctor values (2, 16);
Insert into family_doctor values (4, 16);
Insert into family_doctor values (6, 16);
Insert into family_doctor values (8, 16);
Insert into family_doctor values (10, 16);
Insert into family_doctor values (12, 16);
Insert into family_doctor values (14, 16);
Insert into family_doctor values (18, 16);
Insert into family_doctor values (20, 16);
Insert into family_doctor values (0, 17);
Insert into family_doctor values (2, 17);
Insert into family_doctor values (4, 17);
Insert into family_doctor values (6, 17);
Insert into family_doctor values (8, 17);
Insert into family_doctor values (10, 17);
Insert into family_doctor values (12, 17);
Insert into family_doctor values (14, 17);
Insert into family_doctor values (16, 17);
Insert into family_doctor values (18, 17);
Insert into family_doctor values (20, 17);
Insert into family_doctor values (0, 18);
Insert into family_doctor values (2, 18);
Insert into family_doctor values (4, 18);
Insert into family_doctor values (6, 18);
Insert into family_doctor values (8, 18);
Insert into family_doctor values (10, 18);
Insert into family_doctor values (12, 18);
Insert into family_doctor values (14, 18);
Insert into family_doctor values (16, 18);
Insert into family_doctor values (20, 18);
Insert into family_doctor values (0, 19);
Insert into family_doctor values (2, 19);
Insert into family_doctor values (4, 19);
Insert into family_doctor values (6, 19);
Insert into family_doctor values (8, 19);
Insert into family_doctor values (10, 19);
Insert into family_doctor values (12, 19);
Insert into family_doctor values (14, 19);
Insert into family_doctor values (16, 19);
Insert into family_doctor values (18, 19);
Insert into family_doctor values (20, 19);
Insert into family_doctor values (0, 20);
Insert into family_doctor values (2, 20);
Insert into family_doctor values (4, 20);
Insert into family_doctor values (6, 20);
Insert into family_doctor values (8, 20);
Insert into family_doctor values (10, 20);
Insert into family_doctor values (12, 20);
Insert into family_doctor values (14, 20);
Insert into family_doctor values (16, 20);
Insert into family_doctor values (18, 20);
Insert into radiology_record values (0, 1, 2, 0, 'MRI', '05-Apr-2015', '14-Feb-2016', 'COMATOSE', 'Weird...');
Insert into radiology_record values (1, 1, 4, 0, 'MRI', '05-Apr-2015', '14-Feb-2016', 'DEAD', 'Doctor messed up');
Insert into radiology_record values (2, 1, 6, 0, 'MRI', '05-Apr-2015', '14-Feb-2016', 'COMATOSE', 'Weird...');
Insert into radiology_record values (3, 1, 8, 0, 'MRI', '05-Apr-2015', '14-Feb-2016', 'DEAD', 'Doctor messed up');
Insert into radiology_record values (4, 1, 10, 0, 'MRI', '05-Apr-2015', '14-Feb-2016', 'COMATOSE', 'Weird...');
Insert into radiology_record values (5, 1, 12, 0, 'MRI', '05-Apr-2015', '14-Feb-2016', 'DEAD', 'Doctor messed up');
Insert into radiology_record values (6, 1, 14, 0, 'MRI', '05-Apr-2015', '14-Feb-2016', 'COMATOSE', 'Weird...');
Insert into radiology_record values (7, 1, 16, 0, 'MRI', '05-Apr-2015', '14-Feb-2016', 'DEAD', 'Doctor messed up');
Insert into radiology_record values (8, 1, 18, 0, 'MRI', '05-Apr-2015', '14-Feb-2016', 'COMATOSE', 'Weird...');
Insert into radiology_record values (9, 1, 20, 0, 'MRI', '05-Apr-2015', '14-Feb-2016', 'DEAD', 'Doctor messed up');
Insert into radiology_record values (10, 2, 4, 0, 'MRI', '08-Apr-2015', '17-Feb-2016', 'ALIVE', 'Cannot believe the doctor actually did it');
Insert into radiology_record values (11, 2, 6, 0, 'MRI', '08-Apr-2015', '17-Feb-2016', 'DEAD', 'Doctor messed up');
Insert into radiology_record values (12, 2, 8, 0, 'MRI', '08-Apr-2015', '17-Feb-2016', 'ALIVE', 'Cannot believe the doctor actually did it');
Insert into radiology_record values (13, 2, 10, 0, 'MRI', '08-Apr-2015', '17-Feb-2016', 'DEAD', 'Doctor messed up');
Insert into radiology_record values (14, 2, 12, 0, 'MRI', '08-Apr-2015', '17-Feb-2016', 'ALIVE', 'Cannot believe the doctor actually did it');
Insert into radiology_record values (15, 2, 14, 0, 'MRI', '08-Apr-2015', '17-Feb-2016', 'DEAD', 'Doctor messed up');
Insert into radiology_record values (16, 2, 16, 0, 'MRI', '08-Apr-2015', '17-Feb-2016', 'ALIVE', 'Cannot believe the doctor actually did it');
Insert into radiology_record values (17, 2, 18, 0, 'MRI', '08-Apr-2015', '17-Feb-2016', 'DEAD', 'Doctor messed up');
Insert into radiology_record values (18, 2, 20, 0, 'MRI', '08-Apr-2015', '17-Feb-2016', 'ALIVE', 'Cannot believe the doctor actually did it');
Insert into radiology_record values (19, 3, 2, 0, 'MRI', '13-Apr-2015', '22-Feb-2016', 'DEAD', 'Doctor messed up');
Insert into radiology_record values (20, 3, 4, 0, 'MRI', '13-Apr-2015', '22-Feb-2016', 'COMATOSE', 'Weird...');
Insert into radiology_record values (21, 3, 6, 0, 'MRI', '13-Apr-2015', '22-Feb-2016', 'DEAD', 'Doctor messed up');
Insert into radiology_record values (22, 3, 8, 0, 'MRI', '13-Apr-2015', '22-Feb-2016', 'COMATOSE', 'Weird...');
Insert into radiology_record values (23, 3, 10, 0, 'MRI', '13-Apr-2015', '22-Feb-2016', 'DEAD', 'Doctor messed up');
Insert into radiology_record values (24, 3, 12, 0, 'MRI', '13-Apr-2015', '22-Feb-2016', 'COMATOSE', 'Weird...');
Insert into radiology_record values (25, 3, 14, 0, 'MRI', '13-Apr-2015', '22-Feb-2016', 'DEAD', 'Doctor messed up');
Insert into radiology_record values (26, 3, 16, 0, 'MRI', '13-Apr-2015', '22-Feb-2016', 'COMATOSE', 'Weird...');
Insert into radiology_record values (27, 3, 18, 0, 'MRI', '13-Apr-2015', '22-Feb-2016', 'DEAD', 'Doctor messed up');
Insert into radiology_record values (28, 3, 20, 0, 'MRI', '13-Apr-2015', '22-Feb-2016', 'COMATOSE', 'Weird...');
Insert into radiology_record values (29, 4, 2, 0, 'MRI', '20-Apr-2015', '29-Feb-2016', 'ALIVE', 'Cannot believe the doctor actually did it');
Insert into radiology_record values (30, 4, 6, 0, 'MRI', '20-Apr-2015', '29-Feb-2016', 'ALIVE', 'Cannot believe the doctor actually did it');
Insert into radiology_record values (31, 4, 8, 0, 'MRI', '20-Apr-2015', '29-Feb-2016', 'DEAD', 'Doctor messed up');
Insert into radiology_record values (32, 4, 10, 0, 'MRI', '20-Apr-2015', '29-Feb-2016', 'ALIVE', 'Cannot believe the doctor actually did it');
Insert into radiology_record values (33, 4, 12, 0, 'MRI', '20-Apr-2015', '29-Feb-2016', 'DEAD', 'Doctor messed up');
Insert into radiology_record values (34, 4, 14, 0, 'MRI', '20-Apr-2015', '29-Feb-2016', 'ALIVE', 'Cannot believe the doctor actually did it');
Insert into radiology_record values (35, 4, 16, 0, 'MRI', '20-Apr-2015', '29-Feb-2016', 'DEAD', 'Doctor messed up');
Insert into radiology_record values (36, 4, 18, 0, 'MRI', '20-Apr-2015', '29-Feb-2016', 'ALIVE', 'Cannot believe the doctor actually did it');
Insert into radiology_record values (37, 4, 20, 0, 'MRI', '20-Apr-2015', '29-Feb-2016', 'DEAD', 'Doctor messed up');
Insert into radiology_record values (38, 5, 2, 0, 'MRI', '29-Apr-2015', '09-Mar-2016', 'COMATOSE', 'Weird...');
Insert into radiology_record values (39, 5, 4, 0, 'MRI', '29-Apr-2015', '09-Mar-2016', 'DEAD', 'Doctor messed up');
Insert into radiology_record values (40, 5, 6, 0, 'MRI', '29-Apr-2015', '09-Mar-2016', 'COMATOSE', 'Weird...');
Insert into radiology_record values (41, 5, 8, 0, 'MRI', '29-Apr-2015', '09-Mar-2016', 'DEAD', 'Doctor messed up');
Insert into radiology_record values (42, 5, 10, 0, 'MRI', '29-Apr-2015', '09-Mar-2016', 'COMATOSE', 'Weird...');
Insert into radiology_record values (43, 5, 12, 0, 'MRI', '29-Apr-2015', '09-Mar-2016', 'DEAD', 'Doctor messed up');
Insert into radiology_record values (44, 5, 14, 0, 'MRI', '29-Apr-2015', '09-Mar-2016', 'COMATOSE', 'Weird...');
Insert into radiology_record values (45, 5, 16, 0, 'MRI', '29-Apr-2015', '09-Mar-2016', 'DEAD', 'Doctor messed up');
Insert into radiology_record values (46, 5, 18, 0, 'MRI', '29-Apr-2015', '09-Mar-2016', 'COMATOSE', 'Weird...');
Insert into radiology_record values (47, 5, 20, 0, 'MRI', '29-Apr-2015', '09-Mar-2016', 'DEAD', 'Doctor messed up');
Insert into radiology_record values (48, 6, 2, 0, 'MRI', '10-May-2015', '20-Mar-2016', 'DEAD', 'Doctor messed up');
Insert into radiology_record values (49, 6, 4, 0, 'MRI', '10-May-2015', '20-Mar-2016', 'ALIVE', 'Cannot believe the doctor actually did it');
Insert into radiology_record values (50, 6, 8, 0, 'MRI', '10-May-2015', '20-Mar-2016', 'ALIVE', 'Cannot believe the doctor actually did it');
Insert into radiology_record values (51, 6, 10, 0, 'MRI', '10-May-2015', '20-Mar-2016', 'DEAD', 'Doctor messed up');
Insert into radiology_record values (52, 6, 12, 0, 'MRI', '10-May-2015', '20-Mar-2016', 'ALIVE', 'Cannot believe the doctor actually did it');
Insert into radiology_record values (53, 6, 14, 0, 'MRI', '10-May-2015', '20-Mar-2016', 'DEAD', 'Doctor messed up');
Insert into radiology_record values (54, 6, 16, 0, 'MRI', '10-May-2015', '20-Mar-2016', 'ALIVE', 'Cannot believe the doctor actually did it');
Insert into radiology_record values (55, 6, 18, 0, 'MRI', '10-May-2015', '20-Mar-2016', 'DEAD', 'Doctor messed up');
Insert into radiology_record values (56, 6, 20, 0, 'MRI', '10-May-2015', '20-Mar-2016', 'ALIVE', 'Cannot believe the doctor actually did it');
Insert into radiology_record values (57, 7, 2, 0, 'MRI', '23-May-2015', '02-Apr-2016', 'DEAD', 'Doctor messed up');
Insert into radiology_record values (58, 7, 4, 0, 'MRI', '23-May-2015', '02-Apr-2016', 'COMATOSE', 'Weird...');
Insert into radiology_record values (59, 7, 6, 0, 'MRI', '23-May-2015', '02-Apr-2016', 'DEAD', 'Doctor messed up');
Insert into radiology_record values (60, 7, 8, 0, 'MRI', '23-May-2015', '02-Apr-2016', 'COMATOSE', 'Weird...');
Insert into radiology_record values (61, 7, 10, 0, 'MRI', '23-May-2015', '02-Apr-2016', 'DEAD', 'Doctor messed up');
Insert into radiology_record values (62, 7, 12, 0, 'MRI', '23-May-2015', '02-Apr-2016', 'COMATOSE', 'Weird...');
Insert into radiology_record values (63, 7, 14, 0, 'MRI', '23-May-2015', '02-Apr-2016', 'DEAD', 'Doctor messed up');
Insert into radiology_record values (64, 7, 16, 0, 'MRI', '23-May-2015', '02-Apr-2016', 'COMATOSE', 'Weird...');
Insert into radiology_record values (65, 7, 18, 0, 'MRI', '23-May-2015', '02-Apr-2016', 'DEAD', 'Doctor messed up');
Insert into radiology_record values (66, 7, 20, 0, 'MRI', '23-May-2015', '02-Apr-2016', 'COMATOSE', 'Weird...');
Insert into radiology_record values (67, 8, 2, 0, 'MRI', '07-Jun-2015', '17-Apr-2016', 'ALIVE', 'Cannot believe the doctor actually did it');
Insert into radiology_record values (68, 8, 4, 0, 'MRI', '07-Jun-2015', '17-Apr-2016', 'DEAD', 'Doctor messed up');
Insert into radiology_record values (69, 8, 6, 0, 'MRI', '07-Jun-2015', '17-Apr-2016', 'ALIVE', 'Cannot believe the doctor actually did it');
Insert into radiology_record values (70, 8, 10, 0, 'MRI', '07-Jun-2015', '17-Apr-2016', 'ALIVE', 'Cannot believe the doctor actually did it');
Insert into radiology_record values (71, 8, 12, 0, 'MRI', '07-Jun-2015', '17-Apr-2016', 'DEAD', 'Doctor messed up');
Insert into radiology_record values (72, 8, 14, 0, 'MRI', '07-Jun-2015', '17-Apr-2016', 'ALIVE', 'Cannot believe the doctor actually did it');
Insert into radiology_record values (73, 8, 16, 0, 'MRI', '07-Jun-2015', '17-Apr-2016', 'DEAD', 'Doctor messed up');
Insert into radiology_record values (74, 8, 18, 0, 'MRI', '07-Jun-2015', '17-Apr-2016', 'ALIVE', 'Cannot believe the doctor actually did it');
Insert into radiology_record values (75, 8, 20, 0, 'MRI', '07-Jun-2015', '17-Apr-2016', 'DEAD', 'Doctor messed up');
Insert into radiology_record values (76, 9, 2, 0, 'MRI', '24-Jun-2015', '04-May-2016', 'COMATOSE', 'Weird...');
Insert into radiology_record values (77, 9, 4, 0, 'MRI', '24-Jun-2015', '04-May-2016', 'DEAD', 'Doctor messed up');
Insert into radiology_record values (78, 9, 6, 0, 'MRI', '24-Jun-2015', '04-May-2016', 'COMATOSE', 'Weird...');
Insert into radiology_record values (79, 9, 8, 0, 'MRI', '24-Jun-2015', '04-May-2016', 'DEAD', 'Doctor messed up');
Insert into radiology_record values (80, 9, 10, 0, 'MRI', '24-Jun-2015', '04-May-2016', 'COMATOSE', 'Weird...');
Insert into radiology_record values (81, 9, 12, 0, 'MRI', '24-Jun-2015', '04-May-2016', 'DEAD', 'Doctor messed up');
Insert into radiology_record values (82, 9, 14, 0, 'MRI', '24-Jun-2015', '04-May-2016', 'COMATOSE', 'Weird...');
Insert into radiology_record values (83, 9, 16, 0, 'MRI', '24-Jun-2015', '04-May-2016', 'DEAD', 'Doctor messed up');
Insert into radiology_record values (84, 9, 18, 0, 'MRI', '24-Jun-2015', '04-May-2016', 'COMATOSE', 'Weird...');
Insert into radiology_record values (85, 9, 20, 0, 'MRI', '24-Jun-2015', '04-May-2016', 'DEAD', 'Doctor messed up');
Insert into radiology_record values (86, 10, 2, 0, 'MRI', '13-Jul-2015', '23-May-2016', 'DEAD', 'Doctor messed up');
Insert into radiology_record values (87, 10, 4, 0, 'MRI', '13-Jul-2015', '23-May-2016', 'ALIVE', 'Cannot believe the doctor actually did it');
Insert into radiology_record values (88, 10, 6, 0, 'MRI', '13-Jul-2015', '23-May-2016', 'DEAD', 'Doctor messed up');
Insert into radiology_record values (89, 10, 8, 0, 'MRI', '13-Jul-2015', '23-May-2016', 'ALIVE', 'Cannot believe the doctor actually did it');
Insert into radiology_record values (90, 10, 12, 0, 'MRI', '13-Jul-2015', '23-May-2016', 'ALIVE', 'Cannot believe the doctor actually did it');
Insert into radiology_record values (91, 10, 14, 0, 'MRI', '13-Jul-2015', '23-May-2016', 'DEAD', 'Doctor messed up');
Insert into radiology_record values (92, 10, 16, 0, 'MRI', '13-Jul-2015', '23-May-2016', 'ALIVE', 'Cannot believe the doctor actually did it');
Insert into radiology_record values (93, 10, 18, 0, 'MRI', '13-Jul-2015', '23-May-2016', 'DEAD', 'Doctor messed up');
Insert into radiology_record values (94, 10, 20, 0, 'MRI', '13-Jul-2015', '23-May-2016', 'ALIVE', 'Cannot believe the doctor actually did it');
Insert into radiology_record values (95, 11, 2, 0, 'MRI', '03-Aug-2015', '13-Jun-2016', 'DEAD', 'Doctor messed up');
Insert into radiology_record values (96, 11, 4, 0, 'MRI', '03-Aug-2015', '13-Jun-2016', 'COMATOSE', 'Weird...');
Insert into radiology_record values (97, 11, 6, 0, 'MRI', '03-Aug-2015', '13-Jun-2016', 'DEAD', 'Doctor messed up');
Insert into radiology_record values (98, 11, 8, 0, 'MRI', '03-Aug-2015', '13-Jun-2016', 'COMATOSE', 'Weird...');
Insert into radiology_record values (99, 11, 10, 0, 'MRI', '03-Aug-2015', '13-Jun-2016', 'DEAD', 'Doctor messed up');
Insert into radiology_record values (100, 11, 12, 0, 'MRI', '03-Aug-2015', '13-Jun-2016', 'COMATOSE', 'Weird...');
Insert into radiology_record values (101, 11, 14, 0, 'MRI', '03-Aug-2015', '13-Jun-2016', 'DEAD', 'Doctor messed up');
Insert into radiology_record values (102, 11, 16, 0, 'MRI', '03-Aug-2015', '13-Jun-2016', 'COMATOSE', 'Weird...');
Insert into radiology_record values (103, 11, 18, 0, 'MRI', '03-Aug-2015', '13-Jun-2016', 'DEAD', 'Doctor messed up');
Insert into radiology_record values (104, 11, 20, 0, 'MRI', '03-Aug-2015', '13-Jun-2016', 'COMATOSE', 'Weird...');
Insert into radiology_record values (105, 12, 2, 0, 'MRI', '26-Aug-2015', '06-Jul-2016', 'ALIVE', 'Cannot believe the doctor actually did it');
Insert into radiology_record values (106, 12, 4, 0, 'MRI', '26-Aug-2015', '06-Jul-2016', 'DEAD', 'Doctor messed up');
Insert into radiology_record values (107, 12, 6, 0, 'MRI', '26-Aug-2015', '06-Jul-2016', 'ALIVE', 'Cannot believe the doctor actually did it');
Insert into radiology_record values (108, 12, 8, 0, 'MRI', '26-Aug-2015', '06-Jul-2016', 'DEAD', 'Doctor messed up');
Insert into radiology_record values (109, 12, 10, 0, 'MRI', '26-Aug-2015', '06-Jul-2016', 'ALIVE', 'Cannot believe the doctor actually did it');
Insert into radiology_record values (110, 12, 14, 0, 'MRI', '26-Aug-2015', '06-Jul-2016', 'ALIVE', 'Cannot believe the doctor actually did it');
Insert into radiology_record values (111, 12, 16, 0, 'MRI', '26-Aug-2015', '06-Jul-2016', 'DEAD', 'Doctor messed up');
Insert into radiology_record values (112, 12, 18, 0, 'MRI', '26-Aug-2015', '06-Jul-2016', 'ALIVE', 'Cannot believe the doctor actually did it');
Insert into radiology_record values (113, 12, 20, 0, 'MRI', '26-Aug-2015', '06-Jul-2016', 'DEAD', 'Doctor messed up');
Insert into radiology_record values (114, 13, 2, 0, 'MRI', '20-Sep-2015', '31-Jul-2016', 'COMATOSE', 'Weird...');
Insert into radiology_record values (115, 13, 4, 0, 'MRI', '20-Sep-2015', '31-Jul-2016', 'DEAD', 'Doctor messed up');
Insert into radiology_record values (116, 13, 6, 0, 'MRI', '20-Sep-2015', '31-Jul-2016', 'COMATOSE', 'Weird...');
Insert into radiology_record values (117, 13, 8, 0, 'MRI', '20-Sep-2015', '31-Jul-2016', 'DEAD', 'Doctor messed up');
Insert into radiology_record values (118, 13, 10, 0, 'MRI', '20-Sep-2015', '31-Jul-2016', 'COMATOSE', 'Weird...');
Insert into radiology_record values (119, 13, 12, 0, 'MRI', '20-Sep-2015', '31-Jul-2016', 'DEAD', 'Doctor messed up');
Insert into radiology_record values (120, 13, 14, 0, 'MRI', '20-Sep-2015', '31-Jul-2016', 'COMATOSE', 'Weird...');
Insert into radiology_record values (121, 13, 16, 0, 'MRI', '20-Sep-2015', '31-Jul-2016', 'DEAD', 'Doctor messed up');
Insert into radiology_record values (122, 13, 18, 0, 'MRI', '20-Sep-2015', '31-Jul-2016', 'COMATOSE', 'Weird...');
Insert into radiology_record values (123, 13, 20, 0, 'MRI', '20-Sep-2015', '31-Jul-2016', 'DEAD', 'Doctor messed up');
Insert into radiology_record values (124, 14, 2, 0, 'MRI', '17-Oct-2015', '27-Aug-2016', 'DEAD', 'Doctor messed up');
Insert into radiology_record values (125, 14, 4, 0, 'MRI', '17-Oct-2015', '27-Aug-2016', 'ALIVE', 'Cannot believe the doctor actually did it');
Insert into radiology_record values (126, 14, 6, 0, 'MRI', '17-Oct-2015', '27-Aug-2016', 'DEAD', 'Doctor messed up');
Insert into radiology_record values (127, 14, 8, 0, 'MRI', '17-Oct-2015', '27-Aug-2016', 'ALIVE', 'Cannot believe the doctor actually did it');
Insert into radiology_record values (128, 14, 10, 0, 'MRI', '17-Oct-2015', '27-Aug-2016', 'DEAD', 'Doctor messed up');
Insert into radiology_record values (129, 14, 12, 0, 'MRI', '17-Oct-2015', '27-Aug-2016', 'ALIVE', 'Cannot believe the doctor actually did it');
Insert into radiology_record values (130, 14, 16, 0, 'MRI', '17-Oct-2015', '27-Aug-2016', 'ALIVE', 'Cannot believe the doctor actually did it');
Insert into radiology_record values (131, 14, 18, 0, 'MRI', '17-Oct-2015', '27-Aug-2016', 'DEAD', 'Doctor messed up');
Insert into radiology_record values (132, 14, 20, 0, 'MRI', '17-Oct-2015', '27-Aug-2016', 'ALIVE', 'Cannot believe the doctor actually did it');
Insert into radiology_record values (133, 15, 2, 0, 'MRI', '15-Nov-2015', '25-Sep-2016', 'DEAD', 'Doctor messed up');
Insert into radiology_record values (134, 15, 4, 0, 'MRI', '15-Nov-2015', '25-Sep-2016', 'COMATOSE', 'Weird...');
Insert into radiology_record values (135, 15, 6, 0, 'MRI', '15-Nov-2015', '25-Sep-2016', 'DEAD', 'Doctor messed up');
Insert into radiology_record values (136, 15, 8, 0, 'MRI', '15-Nov-2015', '25-Sep-2016', 'COMATOSE', 'Weird...');
Insert into radiology_record values (137, 15, 10, 0, 'MRI', '15-Nov-2015', '25-Sep-2016', 'DEAD', 'Doctor messed up');
Insert into radiology_record values (138, 15, 12, 0, 'MRI', '15-Nov-2015', '25-Sep-2016', 'COMATOSE', 'Weird...');
Insert into radiology_record values (139, 15, 14, 0, 'MRI', '15-Nov-2015', '25-Sep-2016', 'DEAD', 'Doctor messed up');
Insert into radiology_record values (140, 15, 16, 0, 'MRI', '15-Nov-2015', '25-Sep-2016', 'COMATOSE', 'Weird...');
Insert into radiology_record values (141, 15, 18, 0, 'MRI', '15-Nov-2015', '25-Sep-2016', 'DEAD', 'Doctor messed up');
Insert into radiology_record values (142, 15, 20, 0, 'MRI', '15-Nov-2015', '25-Sep-2016', 'COMATOSE', 'Weird...');
Insert into radiology_record values (143, 16, 2, 0, 'MRI', '16-Dec-2015', '26-Oct-2016', 'ALIVE', 'Cannot believe the doctor actually did it');
Insert into radiology_record values (144, 16, 4, 0, 'MRI', '16-Dec-2015', '26-Oct-2016', 'DEAD', 'Doctor messed up');
Insert into radiology_record values (145, 16, 6, 0, 'MRI', '16-Dec-2015', '26-Oct-2016', 'ALIVE', 'Cannot believe the doctor actually did it');
Insert into radiology_record values (146, 16, 8, 0, 'MRI', '16-Dec-2015', '26-Oct-2016', 'DEAD', 'Doctor messed up');
Insert into radiology_record values (147, 16, 10, 0, 'MRI', '16-Dec-2015', '26-Oct-2016', 'ALIVE', 'Cannot believe the doctor actually did it');
Insert into radiology_record values (148, 16, 12, 0, 'MRI', '16-Dec-2015', '26-Oct-2016', 'DEAD', 'Doctor messed up');
Insert into radiology_record values (149, 16, 14, 0, 'MRI', '16-Dec-2015', '26-Oct-2016', 'ALIVE', 'Cannot believe the doctor actually did it');
Insert into radiology_record values (150, 16, 18, 0, 'MRI', '16-Dec-2015', '26-Oct-2016', 'ALIVE', 'Cannot believe the doctor actually did it');
Insert into radiology_record values (151, 16, 20, 0, 'MRI', '16-Dec-2015', '26-Oct-2016', 'DEAD', 'Doctor messed up');
Insert into radiology_record values (152, 17, 2, 0, 'MRI', '18-Jan-2016', '28-Nov-2016', 'COMATOSE', 'Weird...');
Insert into radiology_record values (153, 17, 4, 0, 'MRI', '18-Jan-2016', '28-Nov-2016', 'DEAD', 'Doctor messed up');
Insert into radiology_record values (154, 17, 6, 0, 'MRI', '18-Jan-2016', '28-Nov-2016', 'COMATOSE', 'Weird...');
Insert into radiology_record values (155, 17, 8, 0, 'MRI', '18-Jan-2016', '28-Nov-2016', 'DEAD', 'Doctor messed up');
Insert into radiology_record values (156, 17, 10, 0, 'MRI', '18-Jan-2016', '28-Nov-2016', 'COMATOSE', 'Weird...');
Insert into radiology_record values (157, 17, 12, 0, 'MRI', '18-Jan-2016', '28-Nov-2016', 'DEAD', 'Doctor messed up');
Insert into radiology_record values (158, 17, 14, 0, 'MRI', '18-Jan-2016', '28-Nov-2016', 'COMATOSE', 'Weird...');
Insert into radiology_record values (159, 17, 16, 0, 'MRI', '18-Jan-2016', '28-Nov-2016', 'DEAD', 'Doctor messed up');
Insert into radiology_record values (160, 17, 18, 0, 'MRI', '18-Jan-2016', '28-Nov-2016', 'COMATOSE', 'Weird...');
Insert into radiology_record values (161, 17, 20, 0, 'MRI', '18-Jan-2016', '28-Nov-2016', 'DEAD', 'Doctor messed up');
Insert into radiology_record values (162, 18, 2, 0, 'MRI', '28-Apr-2015', '02-Jan-2017', 'DEAD', 'Doctor messed up');
Insert into radiology_record values (163, 18, 4, 0, 'MRI', '28-Apr-2015', '02-Jan-2017', 'ALIVE', 'Cannot believe the doctor actually did it');
Insert into radiology_record values (164, 18, 6, 0, 'MRI', '28-Apr-2015', '02-Jan-2017', 'DEAD', 'Doctor messed up');
Insert into radiology_record values (165, 18, 8, 0, 'MRI', '28-Apr-2015', '02-Jan-2017', 'ALIVE', 'Cannot believe the doctor actually did it');
Insert into radiology_record values (166, 18, 10, 0, 'MRI', '28-Apr-2015', '02-Jan-2017', 'DEAD', 'Doctor messed up');
Insert into radiology_record values (167, 18, 12, 0, 'MRI', '28-Apr-2015', '02-Jan-2017', 'ALIVE', 'Cannot believe the doctor actually did it');
Insert into radiology_record values (168, 18, 14, 0, 'MRI', '28-Apr-2015', '02-Jan-2017', 'DEAD', 'Doctor messed up');
Insert into radiology_record values (169, 18, 16, 0, 'MRI', '28-Apr-2015', '02-Jan-2017', 'ALIVE', 'Cannot believe the doctor actually did it');
Insert into radiology_record values (170, 18, 20, 0, 'MRI', '28-Apr-2015', '02-Jan-2017', 'ALIVE', 'Cannot believe the doctor actually did it');
Insert into radiology_record values (171, 19, 2, 0, 'MRI', '04-Jun-2015', '08-Feb-2017', 'DEAD', 'Doctor messed up');
Insert into radiology_record values (172, 19, 4, 0, 'MRI', '04-Jun-2015', '08-Feb-2017', 'COMATOSE', 'Weird...');
Insert into radiology_record values (173, 19, 6, 0, 'MRI', '04-Jun-2015', '08-Feb-2017', 'DEAD', 'Doctor messed up');
Insert into radiology_record values (174, 19, 8, 0, 'MRI', '04-Jun-2015', '08-Feb-2017', 'COMATOSE', 'Weird...');
Insert into radiology_record values (175, 19, 10, 0, 'MRI', '04-Jun-2015', '08-Feb-2017', 'DEAD', 'Doctor messed up');
Insert into radiology_record values (176, 19, 12, 0, 'MRI', '04-Jun-2015', '08-Feb-2017', 'COMATOSE', 'Weird...');
Insert into radiology_record values (177, 19, 14, 0, 'MRI', '04-Jun-2015', '08-Feb-2017', 'DEAD', 'Doctor messed up');
Insert into radiology_record values (178, 19, 16, 0, 'MRI', '04-Jun-2015', '08-Feb-2017', 'COMATOSE', 'Weird...');
Insert into radiology_record values (179, 19, 18, 0, 'MRI', '04-Jun-2015', '08-Feb-2017', 'DEAD', 'Doctor messed up');
Insert into radiology_record values (180, 19, 20, 0, 'MRI', '04-Jun-2015', '08-Feb-2017', 'COMATOSE', 'Weird...');
Insert into radiology_record values (181, 20, 2, 0, 'MRI', '13-Jul-2015', '19-Mar-2017', 'ALIVE', 'Cannot believe the doctor actually did it');
Insert into radiology_record values (182, 20, 4, 0, 'MRI', '13-Jul-2015', '19-Mar-2017', 'DEAD', 'Doctor messed up');
Insert into radiology_record values (183, 20, 6, 0, 'MRI', '13-Jul-2015', '19-Mar-2017', 'ALIVE', 'Cannot believe the doctor actually did it');
Insert into radiology_record values (184, 20, 8, 0, 'MRI', '13-Jul-2015', '19-Mar-2017', 'DEAD', 'Doctor messed up');
Insert into radiology_record values (185, 20, 10, 0, 'MRI', '13-Jul-2015', '19-Mar-2017', 'ALIVE', 'Cannot believe the doctor actually did it');
Insert into radiology_record values (186, 20, 12, 0, 'MRI', '13-Jul-2015', '19-Mar-2017', 'DEAD', 'Doctor messed up');
Insert into radiology_record values (187, 20, 14, 0, 'MRI', '13-Jul-2015', '19-Mar-2017', 'ALIVE', 'Cannot believe the doctor actually did it');
Insert into radiology_record values (188, 20, 16, 0, 'MRI', '13-Jul-2015', '19-Mar-2017', 'DEAD', 'Doctor messed up');
Insert into radiology_record values (189, 20, 18, 0, 'MRI', '13-Jul-2015', '19-Mar-2017', 'ALIVE', 'Cannot believe the doctor actually did it');
Insert into pacs_images values (0, 0, RAWTOHEX('Test Thumbnail'), RAWTOHEX('Test Regular Size'), RAWTOHEX('Test Full Size'));
Insert into pacs_images values (0, 10, RAWTOHEX('Test Thumbnail'), RAWTOHEX('Test Regular Size'), RAWTOHEX('Test Full Size'));
Insert into pacs_images values (0, 20, RAWTOHEX('Test Thumbnail'), RAWTOHEX('Test Regular Size'), RAWTOHEX('Test Full Size'));
Insert into pacs_images values (0, 30, RAWTOHEX('Test Thumbnail'), RAWTOHEX('Test Regular Size'), RAWTOHEX('Test Full Size'));
Insert into pacs_images values (0, 40, RAWTOHEX('Test Thumbnail'), RAWTOHEX('Test Regular Size'), RAWTOHEX('Test Full Size'));
Insert into pacs_images values (0, 50, RAWTOHEX('Test Thumbnail'), RAWTOHEX('Test Regular Size'), RAWTOHEX('Test Full Size'));
Insert into pacs_images values (0, 60, RAWTOHEX('Test Thumbnail'), RAWTOHEX('Test Regular Size'), RAWTOHEX('Test Full Size'));
Insert into pacs_images values (0, 70, RAWTOHEX('Test Thumbnail'), RAWTOHEX('Test Regular Size'), RAWTOHEX('Test Full Size'));
Insert into pacs_images values (0, 80, RAWTOHEX('Test Thumbnail'), RAWTOHEX('Test Regular Size'), RAWTOHEX('Test Full Size'));
Insert into pacs_images values (0, 90, RAWTOHEX('Test Thumbnail'), RAWTOHEX('Test Regular Size'), RAWTOHEX('Test Full Size'));
Insert into pacs_images values (0, 100, RAWTOHEX('Test Thumbnail'), RAWTOHEX('Test Regular Size'), RAWTOHEX('Test Full Size'));
Insert into pacs_images values (0, 110, RAWTOHEX('Test Thumbnail'), RAWTOHEX('Test Regular Size'), RAWTOHEX('Test Full Size'));
Insert into pacs_images values (0, 120, RAWTOHEX('Test Thumbnail'), RAWTOHEX('Test Regular Size'), RAWTOHEX('Test Full Size'));
Insert into pacs_images values (0, 130, RAWTOHEX('Test Thumbnail'), RAWTOHEX('Test Regular Size'), RAWTOHEX('Test Full Size'));
Insert into pacs_images values (0, 140, RAWTOHEX('Test Thumbnail'), RAWTOHEX('Test Regular Size'), RAWTOHEX('Test Full Size'));
Insert into pacs_images values (0, 150, RAWTOHEX('Test Thumbnail'), RAWTOHEX('Test Regular Size'), RAWTOHEX('Test Full Size'));
Insert into pacs_images values (0, 160, RAWTOHEX('Test Thumbnail'), RAWTOHEX('Test Regular Size'), RAWTOHEX('Test Full Size'));
Insert into pacs_images values (0, 170, RAWTOHEX('Test Thumbnail'), RAWTOHEX('Test Regular Size'), RAWTOHEX('Test Full Size'));
Insert into pacs_images values (0, 180, RAWTOHEX('Test Thumbnail'), RAWTOHEX('Test Regular Size'), RAWTOHEX('Test Full Size'));
Insert into pacs_images values (0, 190, RAWTOHEX('Test Thumbnail'), RAWTOHEX('Test Regular Size'), RAWTOHEX('Test Full Size'));
Insert into pacs_images values (1, 200, RAWTOHEX('Test Thumbnail'), RAWTOHEX('Test Regular Size'), RAWTOHEX('Test Full Size'));
Insert into pacs_images values (1, 210, RAWTOHEX('Test Thumbnail'), RAWTOHEX('Test Regular Size'), RAWTOHEX('Test Full Size'));
Insert into pacs_images values (1, 220, RAWTOHEX('Test Thumbnail'), RAWTOHEX('Test Regular Size'), RAWTOHEX('Test Full Size'));
Insert into pacs_images values (1, 230, RAWTOHEX('Test Thumbnail'), RAWTOHEX('Test Regular Size'), RAWTOHEX('Test Full Size'));
Insert into pacs_images values (1, 240, RAWTOHEX('Test Thumbnail'), RAWTOHEX('Test Regular Size'), RAWTOHEX('Test Full Size'));
Insert into pacs_images values (1, 250, RAWTOHEX('Test Thumbnail'), RAWTOHEX('Test Regular Size'), RAWTOHEX('Test Full Size'));
Insert into pacs_images values (1, 260, RAWTOHEX('Test Thumbnail'), RAWTOHEX('Test Regular Size'), RAWTOHEX('Test Full Size'));
Insert into pacs_images values (1, 270, RAWTOHEX('Test Thumbnail'), RAWTOHEX('Test Regular Size'), RAWTOHEX('Test Full Size'));
Insert into pacs_images values (1, 280, RAWTOHEX('Test Thumbnail'), RAWTOHEX('Test Regular Size'), RAWTOHEX('Test Full Size'));
Insert into pacs_images values (1, 290, RAWTOHEX('Test Thumbnail'), RAWTOHEX('Test Regular Size'), RAWTOHEX('Test Full Size'));
Insert into pacs_images values (1, 300, RAWTOHEX('Test Thumbnail'), RAWTOHEX('Test Regular Size'), RAWTOHEX('Test Full Size'));
Insert into pacs_images values (1, 310, RAWTOHEX('Test Thumbnail'), RAWTOHEX('Test Regular Size'), RAWTOHEX('Test Full Size'));
Insert into pacs_images values (1, 320, RAWTOHEX('Test Thumbnail'), RAWTOHEX('Test Regular Size'), RAWTOHEX('Test Full Size'));
Insert into pacs_images values (1, 330, RAWTOHEX('Test Thumbnail'), RAWTOHEX('Test Regular Size'), RAWTOHEX('Test Full Size'));
Insert into pacs_images values (1, 340, RAWTOHEX('Test Thumbnail'), RAWTOHEX('Test Regular Size'), RAWTOHEX('Test Full Size'));
Insert into pacs_images values (1, 350, RAWTOHEX('Test Thumbnail'), RAWTOHEX('Test Regular Size'), RAWTOHEX('Test Full Size'));
Insert into pacs_images values (1, 360, RAWTOHEX('Test Thumbnail'), RAWTOHEX('Test Regular Size'), RAWTOHEX('Test Full Size'));
Insert into pacs_images values (1, 370, RAWTOHEX('Test Thumbnail'), RAWTOHEX('Test Regular Size'), RAWTOHEX('Test Full Size'));
Insert into pacs_images values (2, 380, RAWTOHEX('Test Thumbnail'), RAWTOHEX('Test Regular Size'), RAWTOHEX('Test Full Size'));
Insert into pacs_images values (2, 390, RAWTOHEX('Test Thumbnail'), RAWTOHEX('Test Regular Size'), RAWTOHEX('Test Full Size'));
Insert into pacs_images values (2, 400, RAWTOHEX('Test Thumbnail'), RAWTOHEX('Test Regular Size'), RAWTOHEX('Test Full Size'));
Insert into pacs_images values (2, 410, RAWTOHEX('Test Thumbnail'), RAWTOHEX('Test Regular Size'), RAWTOHEX('Test Full Size'));
Insert into pacs_images values (2, 420, RAWTOHEX('Test Thumbnail'), RAWTOHEX('Test Regular Size'), RAWTOHEX('Test Full Size'));
Insert into pacs_images values (2, 430, RAWTOHEX('Test Thumbnail'), RAWTOHEX('Test Regular Size'), RAWTOHEX('Test Full Size'));
Insert into pacs_images values (2, 440, RAWTOHEX('Test Thumbnail'), RAWTOHEX('Test Regular Size'), RAWTOHEX('Test Full Size'));
Insert into pacs_images values (2, 450, RAWTOHEX('Test Thumbnail'), RAWTOHEX('Test Regular Size'), RAWTOHEX('Test Full Size'));
Insert into pacs_images values (2, 460, RAWTOHEX('Test Thumbnail'), RAWTOHEX('Test Regular Size'), RAWTOHEX('Test Full Size'));
Insert into pacs_images values (2, 470, RAWTOHEX('Test Thumbnail'), RAWTOHEX('Test Regular Size'), RAWTOHEX('Test Full Size'));
Insert into pacs_images values (2, 480, RAWTOHEX('Test Thumbnail'), RAWTOHEX('Test Regular Size'), RAWTOHEX('Test Full Size'));
Insert into pacs_images values (2, 490, RAWTOHEX('Test Thumbnail'), RAWTOHEX('Test Regular Size'), RAWTOHEX('Test Full Size'));
Insert into pacs_images values (2, 500, RAWTOHEX('Test Thumbnail'), RAWTOHEX('Test Regular Size'), RAWTOHEX('Test Full Size'));
Insert into pacs_images values (2, 510, RAWTOHEX('Test Thumbnail'), RAWTOHEX('Test Regular Size'), RAWTOHEX('Test Full Size'));
Insert into pacs_images values (2, 520, RAWTOHEX('Test Thumbnail'), RAWTOHEX('Test Regular Size'), RAWTOHEX('Test Full Size'));
Insert into pacs_images values (2, 530, RAWTOHEX('Test Thumbnail'), RAWTOHEX('Test Regular Size'), RAWTOHEX('Test Full Size'));
Insert into pacs_images values (2, 540, RAWTOHEX('Test Thumbnail'), RAWTOHEX('Test Regular Size'), RAWTOHEX('Test Full Size'));
Insert into pacs_images values (2, 550, RAWTOHEX('Test Thumbnail'), RAWTOHEX('Test Regular Size'), RAWTOHEX('Test Full Size'));
Insert into pacs_images values (2, 560, RAWTOHEX('Test Thumbnail'), RAWTOHEX('Test Regular Size'), RAWTOHEX('Test Full Size'));
Insert into pacs_images values (2, 570, RAWTOHEX('Test Thumbnail'), RAWTOHEX('Test Regular Size'), RAWTOHEX('Test Full Size'));
Insert into pacs_images values (3, 580, RAWTOHEX('Test Thumbnail'), RAWTOHEX('Test Regular Size'), RAWTOHEX('Test Full Size'));
Insert into pacs_images values (3, 590, RAWTOHEX('Test Thumbnail'), RAWTOHEX('Test Regular Size'), RAWTOHEX('Test Full Size'));
Insert into pacs_images values (3, 600, RAWTOHEX('Test Thumbnail'), RAWTOHEX('Test Regular Size'), RAWTOHEX('Test Full Size'));
Insert into pacs_images values (3, 610, RAWTOHEX('Test Thumbnail'), RAWTOHEX('Test Regular Size'), RAWTOHEX('Test Full Size'));
Insert into pacs_images values (3, 620, RAWTOHEX('Test Thumbnail'), RAWTOHEX('Test Regular Size'), RAWTOHEX('Test Full Size'));
Insert into pacs_images values (3, 630, RAWTOHEX('Test Thumbnail'), RAWTOHEX('Test Regular Size'), RAWTOHEX('Test Full Size'));
Insert into pacs_images values (3, 640, RAWTOHEX('Test Thumbnail'), RAWTOHEX('Test Regular Size'), RAWTOHEX('Test Full Size'));
Insert into pacs_images values (3, 650, RAWTOHEX('Test Thumbnail'), RAWTOHEX('Test Regular Size'), RAWTOHEX('Test Full Size'));
Insert into pacs_images values (3, 660, RAWTOHEX('Test Thumbnail'), RAWTOHEX('Test Regular Size'), RAWTOHEX('Test Full Size'));
Insert into pacs_images values (3, 670, RAWTOHEX('Test Thumbnail'), RAWTOHEX('Test Regular Size'), RAWTOHEX('Test Full Size'));
Insert into pacs_images values (3, 680, RAWTOHEX('Test Thumbnail'), RAWTOHEX('Test Regular Size'), RAWTOHEX('Test Full Size'));
Insert into pacs_images values (3, 690, RAWTOHEX('Test Thumbnail'), RAWTOHEX('Test Regular Size'), RAWTOHEX('Test Full Size'));
Insert into pacs_images values (3, 700, RAWTOHEX('Test Thumbnail'), RAWTOHEX('Test Regular Size'), RAWTOHEX('Test Full Size'));
Insert into pacs_images values (3, 710, RAWTOHEX('Test Thumbnail'), RAWTOHEX('Test Regular Size'), RAWTOHEX('Test Full Size'));
Insert into pacs_images values (3, 720, RAWTOHEX('Test Thumbnail'), RAWTOHEX('Test Regular Size'), RAWTOHEX('Test Full Size'));
Insert into pacs_images values (3, 730, RAWTOHEX('Test Thumbnail'), RAWTOHEX('Test Regular Size'), RAWTOHEX('Test Full Size'));
Insert into pacs_images values (3, 740, RAWTOHEX('Test Thumbnail'), RAWTOHEX('Test Regular Size'), RAWTOHEX('Test Full Size'));
Insert into pacs_images values (3, 750, RAWTOHEX('Test Thumbnail'), RAWTOHEX('Test Regular Size'), RAWTOHEX('Test Full Size'));
Insert into pacs_images values (4, 760, RAWTOHEX('Test Thumbnail'), RAWTOHEX('Test Regular Size'), RAWTOHEX('Test Full Size'));
Insert into pacs_images values (4, 770, RAWTOHEX('Test Thumbnail'), RAWTOHEX('Test Regular Size'), RAWTOHEX('Test Full Size'));
Insert into pacs_images values (4, 780, RAWTOHEX('Test Thumbnail'), RAWTOHEX('Test Regular Size'), RAWTOHEX('Test Full Size'));
Insert into pacs_images values (4, 790, RAWTOHEX('Test Thumbnail'), RAWTOHEX('Test Regular Size'), RAWTOHEX('Test Full Size'));
Insert into pacs_images values (4, 800, RAWTOHEX('Test Thumbnail'), RAWTOHEX('Test Regular Size'), RAWTOHEX('Test Full Size'));
Insert into pacs_images values (4, 810, RAWTOHEX('Test Thumbnail'), RAWTOHEX('Test Regular Size'), RAWTOHEX('Test Full Size'));
Insert into pacs_images values (4, 820, RAWTOHEX('Test Thumbnail'), RAWTOHEX('Test Regular Size'), RAWTOHEX('Test Full Size'));
Insert into pacs_images values (4, 830, RAWTOHEX('Test Thumbnail'), RAWTOHEX('Test Regular Size'), RAWTOHEX('Test Full Size'));
Insert into pacs_images values (4, 840, RAWTOHEX('Test Thumbnail'), RAWTOHEX('Test Regular Size'), RAWTOHEX('Test Full Size'));
Insert into pacs_images values (4, 850, RAWTOHEX('Test Thumbnail'), RAWTOHEX('Test Regular Size'), RAWTOHEX('Test Full Size'));
Insert into pacs_images values (4, 860, RAWTOHEX('Test Thumbnail'), RAWTOHEX('Test Regular Size'), RAWTOHEX('Test Full Size'));
Insert into pacs_images values (4, 870, RAWTOHEX('Test Thumbnail'), RAWTOHEX('Test Regular Size'), RAWTOHEX('Test Full Size'));
Insert into pacs_images values (4, 880, RAWTOHEX('Test Thumbnail'), RAWTOHEX('Test Regular Size'), RAWTOHEX('Test Full Size'));
Insert into pacs_images values (4, 890, RAWTOHEX('Test Thumbnail'), RAWTOHEX('Test Regular Size'), RAWTOHEX('Test Full Size'));
Insert into pacs_images values (4, 900, RAWTOHEX('Test Thumbnail'), RAWTOHEX('Test Regular Size'), RAWTOHEX('Test Full Size'));
Insert into pacs_images values (4, 910, RAWTOHEX('Test Thumbnail'), RAWTOHEX('Test Regular Size'), RAWTOHEX('Test Full Size'));
Insert into pacs_images values (4, 920, RAWTOHEX('Test Thumbnail'), RAWTOHEX('Test Regular Size'), RAWTOHEX('Test Full Size'));
Insert into pacs_images values (4, 930, RAWTOHEX('Test Thumbnail'), RAWTOHEX('Test Regular Size'), RAWTOHEX('Test Full Size'));
Insert into pacs_images values (4, 940, RAWTOHEX('Test Thumbnail'), RAWTOHEX('Test Regular Size'), RAWTOHEX('Test Full Size'));
Insert into pacs_images values (4, 950, RAWTOHEX('Test Thumbnail'), RAWTOHEX('Test Regular Size'), RAWTOHEX('Test Full Size'));
Insert into pacs_images values (5, 960, RAWTOHEX('Test Thumbnail'), RAWTOHEX('Test Regular Size'), RAWTOHEX('Test Full Size'));
Insert into pacs_images values (5, 970, RAWTOHEX('Test Thumbnail'), RAWTOHEX('Test Regular Size'), RAWTOHEX('Test Full Size'));
Insert into pacs_images values (5, 980, RAWTOHEX('Test Thumbnail'), RAWTOHEX('Test Regular Size'), RAWTOHEX('Test Full Size'));
Insert into pacs_images values (5, 990, RAWTOHEX('Test Thumbnail'), RAWTOHEX('Test Regular Size'), RAWTOHEX('Test Full Size'));
Insert into pacs_images values (5, 1000, RAWTOHEX('Test Thumbnail'), RAWTOHEX('Test Regular Size'), RAWTOHEX('Test Full Size'));
Insert into pacs_images values (5, 1010, RAWTOHEX('Test Thumbnail'), RAWTOHEX('Test Regular Size'), RAWTOHEX('Test Full Size'));
Insert into pacs_images values (5, 1020, RAWTOHEX('Test Thumbnail'), RAWTOHEX('Test Regular Size'), RAWTOHEX('Test Full Size'));
Insert into pacs_images values (5, 1030, RAWTOHEX('Test Thumbnail'), RAWTOHEX('Test Regular Size'), RAWTOHEX('Test Full Size'));
Insert into pacs_images values (5, 1040, RAWTOHEX('Test Thumbnail'), RAWTOHEX('Test Regular Size'), RAWTOHEX('Test Full Size'));
Insert into pacs_images values (5, 1050, RAWTOHEX('Test Thumbnail'), RAWTOHEX('Test Regular Size'), RAWTOHEX('Test Full Size'));
Insert into pacs_images values (5, 1060, RAWTOHEX('Test Thumbnail'), RAWTOHEX('Test Regular Size'), RAWTOHEX('Test Full Size'));
Insert into pacs_images values (5, 1070, RAWTOHEX('Test Thumbnail'), RAWTOHEX('Test Regular Size'), RAWTOHEX('Test Full Size'));
Insert into pacs_images values (5, 1080, RAWTOHEX('Test Thumbnail'), RAWTOHEX('Test Regular Size'), RAWTOHEX('Test Full Size'));
Insert into pacs_images values (5, 1090, RAWTOHEX('Test Thumbnail'), RAWTOHEX('Test Regular Size'), RAWTOHEX('Test Full Size'));
Insert into pacs_images values (5, 1100, RAWTOHEX('Test Thumbnail'), RAWTOHEX('Test Regular Size'), RAWTOHEX('Test Full Size'));
Insert into pacs_images values (5, 1110, RAWTOHEX('Test Thumbnail'), RAWTOHEX('Test Regular Size'), RAWTOHEX('Test Full Size'));
Insert into pacs_images values (5, 1120, RAWTOHEX('Test Thumbnail'), RAWTOHEX('Test Regular Size'), RAWTOHEX('Test Full Size'));
Insert into pacs_images values (5, 1130, RAWTOHEX('Test Thumbnail'), RAWTOHEX('Test Regular Size'), RAWTOHEX('Test Full Size'));
Insert into pacs_images values (6, 1140, RAWTOHEX('Test Thumbnail'), RAWTOHEX('Test Regular Size'), RAWTOHEX('Test Full Size'));
Insert into pacs_images values (6, 1150, RAWTOHEX('Test Thumbnail'), RAWTOHEX('Test Regular Size'), RAWTOHEX('Test Full Size'));
Insert into pacs_images values (6, 1160, RAWTOHEX('Test Thumbnail'), RAWTOHEX('Test Regular Size'), RAWTOHEX('Test Full Size'));
Insert into pacs_images values (6, 1170, RAWTOHEX('Test Thumbnail'), RAWTOHEX('Test Regular Size'), RAWTOHEX('Test Full Size'));
Insert into pacs_images values (6, 1180, RAWTOHEX('Test Thumbnail'), RAWTOHEX('Test Regular Size'), RAWTOHEX('Test Full Size'));
Insert into pacs_images values (6, 1190, RAWTOHEX('Test Thumbnail'), RAWTOHEX('Test Regular Size'), RAWTOHEX('Test Full Size'));
Insert into pacs_images values (6, 1200, RAWTOHEX('Test Thumbnail'), RAWTOHEX('Test Regular Size'), RAWTOHEX('Test Full Size'));
Insert into pacs_images values (6, 1210, RAWTOHEX('Test Thumbnail'), RAWTOHEX('Test Regular Size'), RAWTOHEX('Test Full Size'));
Insert into pacs_images values (6, 1220, RAWTOHEX('Test Thumbnail'), RAWTOHEX('Test Regular Size'), RAWTOHEX('Test Full Size'));
Insert into pacs_images values (6, 1230, RAWTOHEX('Test Thumbnail'), RAWTOHEX('Test Regular Size'), RAWTOHEX('Test Full Size'));
Insert into pacs_images values (6, 1240, RAWTOHEX('Test Thumbnail'), RAWTOHEX('Test Regular Size'), RAWTOHEX('Test Full Size'));
Insert into pacs_images values (6, 1250, RAWTOHEX('Test Thumbnail'), RAWTOHEX('Test Regular Size'), RAWTOHEX('Test Full Size'));
Insert into pacs_images values (6, 1260, RAWTOHEX('Test Thumbnail'), RAWTOHEX('Test Regular Size'), RAWTOHEX('Test Full Size'));
Insert into pacs_images values (6, 1270, RAWTOHEX('Test Thumbnail'), RAWTOHEX('Test Regular Size'), RAWTOHEX('Test Full Size'));
Insert into pacs_images values (6, 1280, RAWTOHEX('Test Thumbnail'), RAWTOHEX('Test Regular Size'), RAWTOHEX('Test Full Size'));
Insert into pacs_images values (6, 1290, RAWTOHEX('Test Thumbnail'), RAWTOHEX('Test Regular Size'), RAWTOHEX('Test Full Size'));
Insert into pacs_images values (6, 1300, RAWTOHEX('Test Thumbnail'), RAWTOHEX('Test Regular Size'), RAWTOHEX('Test Full Size'));
Insert into pacs_images values (6, 1310, RAWTOHEX('Test Thumbnail'), RAWTOHEX('Test Regular Size'), RAWTOHEX('Test Full Size'));
Insert into pacs_images values (6, 1320, RAWTOHEX('Test Thumbnail'), RAWTOHEX('Test Regular Size'), RAWTOHEX('Test Full Size'));
Insert into pacs_images values (6, 1330, RAWTOHEX('Test Thumbnail'), RAWTOHEX('Test Regular Size'), RAWTOHEX('Test Full Size'));
Insert into pacs_images values (7, 1340, RAWTOHEX('Test Thumbnail'), RAWTOHEX('Test Regular Size'), RAWTOHEX('Test Full Size'));
Insert into pacs_images values (7, 1350, RAWTOHEX('Test Thumbnail'), RAWTOHEX('Test Regular Size'), RAWTOHEX('Test Full Size'));
Insert into pacs_images values (7, 1360, RAWTOHEX('Test Thumbnail'), RAWTOHEX('Test Regular Size'), RAWTOHEX('Test Full Size'));
Insert into pacs_images values (7, 1370, RAWTOHEX('Test Thumbnail'), RAWTOHEX('Test Regular Size'), RAWTOHEX('Test Full Size'));
Insert into pacs_images values (7, 1380, RAWTOHEX('Test Thumbnail'), RAWTOHEX('Test Regular Size'), RAWTOHEX('Test Full Size'));
Insert into pacs_images values (7, 1390, RAWTOHEX('Test Thumbnail'), RAWTOHEX('Test Regular Size'), RAWTOHEX('Test Full Size'));
Insert into pacs_images values (7, 1400, RAWTOHEX('Test Thumbnail'), RAWTOHEX('Test Regular Size'), RAWTOHEX('Test Full Size'));
Insert into pacs_images values (7, 1410, RAWTOHEX('Test Thumbnail'), RAWTOHEX('Test Regular Size'), RAWTOHEX('Test Full Size'));
Insert into pacs_images values (7, 1420, RAWTOHEX('Test Thumbnail'), RAWTOHEX('Test Regular Size'), RAWTOHEX('Test Full Size'));
Insert into pacs_images values (7, 1430, RAWTOHEX('Test Thumbnail'), RAWTOHEX('Test Regular Size'), RAWTOHEX('Test Full Size'));
Insert into pacs_images values (7, 1440, RAWTOHEX('Test Thumbnail'), RAWTOHEX('Test Regular Size'), RAWTOHEX('Test Full Size'));
Insert into pacs_images values (7, 1450, RAWTOHEX('Test Thumbnail'), RAWTOHEX('Test Regular Size'), RAWTOHEX('Test Full Size'));
Insert into pacs_images values (7, 1460, RAWTOHEX('Test Thumbnail'), RAWTOHEX('Test Regular Size'), RAWTOHEX('Test Full Size'));
Insert into pacs_images values (7, 1470, RAWTOHEX('Test Thumbnail'), RAWTOHEX('Test Regular Size'), RAWTOHEX('Test Full Size'));
Insert into pacs_images values (7, 1480, RAWTOHEX('Test Thumbnail'), RAWTOHEX('Test Regular Size'), RAWTOHEX('Test Full Size'));
Insert into pacs_images values (7, 1490, RAWTOHEX('Test Thumbnail'), RAWTOHEX('Test Regular Size'), RAWTOHEX('Test Full Size'));
Insert into pacs_images values (7, 1500, RAWTOHEX('Test Thumbnail'), RAWTOHEX('Test Regular Size'), RAWTOHEX('Test Full Size'));
Insert into pacs_images values (7, 1510, RAWTOHEX('Test Thumbnail'), RAWTOHEX('Test Regular Size'), RAWTOHEX('Test Full Size'));
Insert into pacs_images values (8, 1520, RAWTOHEX('Test Thumbnail'), RAWTOHEX('Test Regular Size'), RAWTOHEX('Test Full Size'));
Insert into pacs_images values (8, 1530, RAWTOHEX('Test Thumbnail'), RAWTOHEX('Test Regular Size'), RAWTOHEX('Test Full Size'));
Insert into pacs_images values (8, 1540, RAWTOHEX('Test Thumbnail'), RAWTOHEX('Test Regular Size'), RAWTOHEX('Test Full Size'));
Insert into pacs_images values (8, 1550, RAWTOHEX('Test Thumbnail'), RAWTOHEX('Test Regular Size'), RAWTOHEX('Test Full Size'));
Insert into pacs_images values (8, 1560, RAWTOHEX('Test Thumbnail'), RAWTOHEX('Test Regular Size'), RAWTOHEX('Test Full Size'));
Insert into pacs_images values (8, 1570, RAWTOHEX('Test Thumbnail'), RAWTOHEX('Test Regular Size'), RAWTOHEX('Test Full Size'));
Insert into pacs_images values (8, 1580, RAWTOHEX('Test Thumbnail'), RAWTOHEX('Test Regular Size'), RAWTOHEX('Test Full Size'));
Insert into pacs_images values (8, 1590, RAWTOHEX('Test Thumbnail'), RAWTOHEX('Test Regular Size'), RAWTOHEX('Test Full Size'));
Insert into pacs_images values (8, 1600, RAWTOHEX('Test Thumbnail'), RAWTOHEX('Test Regular Size'), RAWTOHEX('Test Full Size'));
Insert into pacs_images values (8, 1610, RAWTOHEX('Test Thumbnail'), RAWTOHEX('Test Regular Size'), RAWTOHEX('Test Full Size'));
Insert into pacs_images values (8, 1620, RAWTOHEX('Test Thumbnail'), RAWTOHEX('Test Regular Size'), RAWTOHEX('Test Full Size'));
Insert into pacs_images values (8, 1630, RAWTOHEX('Test Thumbnail'), RAWTOHEX('Test Regular Size'), RAWTOHEX('Test Full Size'));
Insert into pacs_images values (8, 1640, RAWTOHEX('Test Thumbnail'), RAWTOHEX('Test Regular Size'), RAWTOHEX('Test Full Size'));
Insert into pacs_images values (8, 1650, RAWTOHEX('Test Thumbnail'), RAWTOHEX('Test Regular Size'), RAWTOHEX('Test Full Size'));
Insert into pacs_images values (8, 1660, RAWTOHEX('Test Thumbnail'), RAWTOHEX('Test Regular Size'), RAWTOHEX('Test Full Size'));
Insert into pacs_images values (8, 1670, RAWTOHEX('Test Thumbnail'), RAWTOHEX('Test Regular Size'), RAWTOHEX('Test Full Size'));
Insert into pacs_images values (8, 1680, RAWTOHEX('Test Thumbnail'), RAWTOHEX('Test Regular Size'), RAWTOHEX('Test Full Size'));
Insert into pacs_images values (8, 1690, RAWTOHEX('Test Thumbnail'), RAWTOHEX('Test Regular Size'), RAWTOHEX('Test Full Size'));
Insert into pacs_images values (8, 1700, RAWTOHEX('Test Thumbnail'), RAWTOHEX('Test Regular Size'), RAWTOHEX('Test Full Size'));
Insert into pacs_images values (8, 1710, RAWTOHEX('Test Thumbnail'), RAWTOHEX('Test Regular Size'), RAWTOHEX('Test Full Size'));
Insert into pacs_images values (9, 1720, RAWTOHEX('Test Thumbnail'), RAWTOHEX('Test Regular Size'), RAWTOHEX('Test Full Size'));
Insert into pacs_images values (9, 1730, RAWTOHEX('Test Thumbnail'), RAWTOHEX('Test Regular Size'), RAWTOHEX('Test Full Size'));
Insert into pacs_images values (9, 1740, RAWTOHEX('Test Thumbnail'), RAWTOHEX('Test Regular Size'), RAWTOHEX('Test Full Size'));
Insert into pacs_images values (9, 1750, RAWTOHEX('Test Thumbnail'), RAWTOHEX('Test Regular Size'), RAWTOHEX('Test Full Size'));
Insert into pacs_images values (9, 1760, RAWTOHEX('Test Thumbnail'), RAWTOHEX('Test Regular Size'), RAWTOHEX('Test Full Size'));
Insert into pacs_images values (9, 1770, RAWTOHEX('Test Thumbnail'), RAWTOHEX('Test Regular Size'), RAWTOHEX('Test Full Size'));
Insert into pacs_images values (9, 1780, RAWTOHEX('Test Thumbnail'), RAWTOHEX('Test Regular Size'), RAWTOHEX('Test Full Size'));
Insert into pacs_images values (9, 1790, RAWTOHEX('Test Thumbnail'), RAWTOHEX('Test Regular Size'), RAWTOHEX('Test Full Size'));
Insert into pacs_images values (9, 1800, RAWTOHEX('Test Thumbnail'), RAWTOHEX('Test Regular Size'), RAWTOHEX('Test Full Size'));
Insert into pacs_images values (9, 1810, RAWTOHEX('Test Thumbnail'), RAWTOHEX('Test Regular Size'), RAWTOHEX('Test Full Size'));
Insert into pacs_images values (9, 1820, RAWTOHEX('Test Thumbnail'), RAWTOHEX('Test Regular Size'), RAWTOHEX('Test Full Size'));
Insert into pacs_images values (9, 1830, RAWTOHEX('Test Thumbnail'), RAWTOHEX('Test Regular Size'), RAWTOHEX('Test Full Size'));
Insert into pacs_images values (9, 1840, RAWTOHEX('Test Thumbnail'), RAWTOHEX('Test Regular Size'), RAWTOHEX('Test Full Size'));
Insert into pacs_images values (9, 1850, RAWTOHEX('Test Thumbnail'), RAWTOHEX('Test Regular Size'), RAWTOHEX('Test Full Size'));
Insert into pacs_images values (9, 1860, RAWTOHEX('Test Thumbnail'), RAWTOHEX('Test Regular Size'), RAWTOHEX('Test Full Size'));
Insert into pacs_images values (9, 1870, RAWTOHEX('Test Thumbnail'), RAWTOHEX('Test Regular Size'), RAWTOHEX('Test Full Size'));
Insert into pacs_images values (9, 1880, RAWTOHEX('Test Thumbnail'), RAWTOHEX('Test Regular Size'), RAWTOHEX('Test Full Size'));
Insert into pacs_images values (9, 1890, RAWTOHEX('Test Thumbnail'), RAWTOHEX('Test Regular Size'), RAWTOHEX('Test Full Size'));
Insert into pacs_images values (10, 1900, RAWTOHEX('Test Thumbnail'), RAWTOHEX('Test Regular Size'), RAWTOHEX('Test Full Size'));
Insert into pacs_images values (10, 1910, RAWTOHEX('Test Thumbnail'), RAWTOHEX('Test Regular Size'), RAWTOHEX('Test Full Size'));
Insert into pacs_images values (10, 1920, RAWTOHEX('Test Thumbnail'), RAWTOHEX('Test Regular Size'), RAWTOHEX('Test Full Size'));
Insert into pacs_images values (10, 1930, RAWTOHEX('Test Thumbnail'), RAWTOHEX('Test Regular Size'), RAWTOHEX('Test Full Size'));
Insert into pacs_images values (10, 1940, RAWTOHEX('Test Thumbnail'), RAWTOHEX('Test Regular Size'), RAWTOHEX('Test Full Size'));
Insert into pacs_images values (10, 1950, RAWTOHEX('Test Thumbnail'), RAWTOHEX('Test Regular Size'), RAWTOHEX('Test Full Size'));
Insert into pacs_images values (10, 1960, RAWTOHEX('Test Thumbnail'), RAWTOHEX('Test Regular Size'), RAWTOHEX('Test Full Size'));
Insert into pacs_images values (10, 1970, RAWTOHEX('Test Thumbnail'), RAWTOHEX('Test Regular Size'), RAWTOHEX('Test Full Size'));
Insert into pacs_images values (10, 1980, RAWTOHEX('Test Thumbnail'), RAWTOHEX('Test Regular Size'), RAWTOHEX('Test Full Size'));
Insert into pacs_images values (10, 1990, RAWTOHEX('Test Thumbnail'), RAWTOHEX('Test Regular Size'), RAWTOHEX('Test Full Size'));
Insert into pacs_images values (10, 2000, RAWTOHEX('Test Thumbnail'), RAWTOHEX('Test Regular Size'), RAWTOHEX('Test Full Size'));
Insert into pacs_images values (10, 2010, RAWTOHEX('Test Thumbnail'), RAWTOHEX('Test Regular Size'), RAWTOHEX('Test Full Size'));
Insert into pacs_images values (10, 2020, RAWTOHEX('Test Thumbnail'), RAWTOHEX('Test Regular Size'), RAWTOHEX('Test Full Size'));
Insert into pacs_images values (10, 2030, RAWTOHEX('Test Thumbnail'), RAWTOHEX('Test Regular Size'), RAWTOHEX('Test Full Size'));
Insert into pacs_images values (10, 2040, RAWTOHEX('Test Thumbnail'), RAWTOHEX('Test Regular Size'), RAWTOHEX('Test Full Size'));
Insert into pacs_images values (10, 2050, RAWTOHEX('Test Thumbnail'), RAWTOHEX('Test Regular Size'), RAWTOHEX('Test Full Size'));
Insert into pacs_images values (10, 2060, RAWTOHEX('Test Thumbnail'), RAWTOHEX('Test Regular Size'), RAWTOHEX('Test Full Size'));
Insert into pacs_images values (10, 2070, RAWTOHEX('Test Thumbnail'), RAWTOHEX('Test Regular Size'), RAWTOHEX('Test Full Size'));
Insert into pacs_images values (10, 2080, RAWTOHEX('Test Thumbnail'), RAWTOHEX('Test Regular Size'), RAWTOHEX('Test Full Size'));
Insert into pacs_images values (10, 2090, RAWTOHEX('Test Thumbnail'), RAWTOHEX('Test Regular Size'), RAWTOHEX('Test Full Size'));
Insert into pacs_images values (11, 2100, RAWTOHEX('Test Thumbnail'), RAWTOHEX('Test Regular Size'), RAWTOHEX('Test Full Size'));
Insert into pacs_images values (11, 2110, RAWTOHEX('Test Thumbnail'), RAWTOHEX('Test Regular Size'), RAWTOHEX('Test Full Size'));
Insert into pacs_images values (11, 2120, RAWTOHEX('Test Thumbnail'), RAWTOHEX('Test Regular Size'), RAWTOHEX('Test Full Size'));
Insert into pacs_images values (11, 2130, RAWTOHEX('Test Thumbnail'), RAWTOHEX('Test Regular Size'), RAWTOHEX('Test Full Size'));
Insert into pacs_images values (11, 2140, RAWTOHEX('Test Thumbnail'), RAWTOHEX('Test Regular Size'), RAWTOHEX('Test Full Size'));
Insert into pacs_images values (11, 2150, RAWTOHEX('Test Thumbnail'), RAWTOHEX('Test Regular Size'), RAWTOHEX('Test Full Size'));
Insert into pacs_images values (11, 2160, RAWTOHEX('Test Thumbnail'), RAWTOHEX('Test Regular Size'), RAWTOHEX('Test Full Size'));
Insert into pacs_images values (11, 2170, RAWTOHEX('Test Thumbnail'), RAWTOHEX('Test Regular Size'), RAWTOHEX('Test Full Size'));
Insert into pacs_images values (11, 2180, RAWTOHEX('Test Thumbnail'), RAWTOHEX('Test Regular Size'), RAWTOHEX('Test Full Size'));
Insert into pacs_images values (11, 2190, RAWTOHEX('Test Thumbnail'), RAWTOHEX('Test Regular Size'), RAWTOHEX('Test Full Size'));
Insert into pacs_images values (11, 2200, RAWTOHEX('Test Thumbnail'), RAWTOHEX('Test Regular Size'), RAWTOHEX('Test Full Size'));
Insert into pacs_images values (11, 2210, RAWTOHEX('Test Thumbnail'), RAWTOHEX('Test Regular Size'), RAWTOHEX('Test Full Size'));
Insert into pacs_images values (11, 2220, RAWTOHEX('Test Thumbnail'), RAWTOHEX('Test Regular Size'), RAWTOHEX('Test Full Size'));
Insert into pacs_images values (11, 2230, RAWTOHEX('Test Thumbnail'), RAWTOHEX('Test Regular Size'), RAWTOHEX('Test Full Size'));
Insert into pacs_images values (11, 2240, RAWTOHEX('Test Thumbnail'), RAWTOHEX('Test Regular Size'), RAWTOHEX('Test Full Size'));
Insert into pacs_images values (11, 2250, RAWTOHEX('Test Thumbnail'), RAWTOHEX('Test Regular Size'), RAWTOHEX('Test Full Size'));
Insert into pacs_images values (11, 2260, RAWTOHEX('Test Thumbnail'), RAWTOHEX('Test Regular Size'), RAWTOHEX('Test Full Size'));
Insert into pacs_images values (11, 2270, RAWTOHEX('Test Thumbnail'), RAWTOHEX('Test Regular Size'), RAWTOHEX('Test Full Size'));
Insert into pacs_images values (12, 2280, RAWTOHEX('Test Thumbnail'), RAWTOHEX('Test Regular Size'), RAWTOHEX('Test Full Size'));
Insert into pacs_images values (12, 2290, RAWTOHEX('Test Thumbnail'), RAWTOHEX('Test Regular Size'), RAWTOHEX('Test Full Size'));
Insert into pacs_images values (12, 2300, RAWTOHEX('Test Thumbnail'), RAWTOHEX('Test Regular Size'), RAWTOHEX('Test Full Size'));
Insert into pacs_images values (12, 2310, RAWTOHEX('Test Thumbnail'), RAWTOHEX('Test Regular Size'), RAWTOHEX('Test Full Size'));
Insert into pacs_images values (12, 2320, RAWTOHEX('Test Thumbnail'), RAWTOHEX('Test Regular Size'), RAWTOHEX('Test Full Size'));
Insert into pacs_images values (12, 2330, RAWTOHEX('Test Thumbnail'), RAWTOHEX('Test Regular Size'), RAWTOHEX('Test Full Size'));
Insert into pacs_images values (12, 2340, RAWTOHEX('Test Thumbnail'), RAWTOHEX('Test Regular Size'), RAWTOHEX('Test Full Size'));
Insert into pacs_images values (12, 2350, RAWTOHEX('Test Thumbnail'), RAWTOHEX('Test Regular Size'), RAWTOHEX('Test Full Size'));
Insert into pacs_images values (12, 2360, RAWTOHEX('Test Thumbnail'), RAWTOHEX('Test Regular Size'), RAWTOHEX('Test Full Size'));
Insert into pacs_images values (12, 2370, RAWTOHEX('Test Thumbnail'), RAWTOHEX('Test Regular Size'), RAWTOHEX('Test Full Size'));
Insert into pacs_images values (12, 2380, RAWTOHEX('Test Thumbnail'), RAWTOHEX('Test Regular Size'), RAWTOHEX('Test Full Size'));
Insert into pacs_images values (12, 2390, RAWTOHEX('Test Thumbnail'), RAWTOHEX('Test Regular Size'), RAWTOHEX('Test Full Size'));
Insert into pacs_images values (12, 2400, RAWTOHEX('Test Thumbnail'), RAWTOHEX('Test Regular Size'), RAWTOHEX('Test Full Size'));
Insert into pacs_images values (12, 2410, RAWTOHEX('Test Thumbnail'), RAWTOHEX('Test Regular Size'), RAWTOHEX('Test Full Size'));
Insert into pacs_images values (12, 2420, RAWTOHEX('Test Thumbnail'), RAWTOHEX('Test Regular Size'), RAWTOHEX('Test Full Size'));
Insert into pacs_images values (12, 2430, RAWTOHEX('Test Thumbnail'), RAWTOHEX('Test Regular Size'), RAWTOHEX('Test Full Size'));
Insert into pacs_images values (12, 2440, RAWTOHEX('Test Thumbnail'), RAWTOHEX('Test Regular Size'), RAWTOHEX('Test Full Size'));
Insert into pacs_images values (12, 2450, RAWTOHEX('Test Thumbnail'), RAWTOHEX('Test Regular Size'), RAWTOHEX('Test Full Size'));
Insert into pacs_images values (12, 2460, RAWTOHEX('Test Thumbnail'), RAWTOHEX('Test Regular Size'), RAWTOHEX('Test Full Size'));
Insert into pacs_images values (12, 2470, RAWTOHEX('Test Thumbnail'), RAWTOHEX('Test Regular Size'), RAWTOHEX('Test Full Size'));
Insert into pacs_images values (13, 2480, RAWTOHEX('Test Thumbnail'), RAWTOHEX('Test Regular Size'), RAWTOHEX('Test Full Size'));
Insert into pacs_images values (13, 2490, RAWTOHEX('Test Thumbnail'), RAWTOHEX('Test Regular Size'), RAWTOHEX('Test Full Size'));
Insert into pacs_images values (13, 2500, RAWTOHEX('Test Thumbnail'), RAWTOHEX('Test Regular Size'), RAWTOHEX('Test Full Size'));
Insert into pacs_images values (13, 2510, RAWTOHEX('Test Thumbnail'), RAWTOHEX('Test Regular Size'), RAWTOHEX('Test Full Size'));
Insert into pacs_images values (13, 2520, RAWTOHEX('Test Thumbnail'), RAWTOHEX('Test Regular Size'), RAWTOHEX('Test Full Size'));
Insert into pacs_images values (13, 2530, RAWTOHEX('Test Thumbnail'), RAWTOHEX('Test Regular Size'), RAWTOHEX('Test Full Size'));
Insert into pacs_images values (13, 2540, RAWTOHEX('Test Thumbnail'), RAWTOHEX('Test Regular Size'), RAWTOHEX('Test Full Size'));
Insert into pacs_images values (13, 2550, RAWTOHEX('Test Thumbnail'), RAWTOHEX('Test Regular Size'), RAWTOHEX('Test Full Size'));
Insert into pacs_images values (13, 2560, RAWTOHEX('Test Thumbnail'), RAWTOHEX('Test Regular Size'), RAWTOHEX('Test Full Size'));
Insert into pacs_images values (13, 2570, RAWTOHEX('Test Thumbnail'), RAWTOHEX('Test Regular Size'), RAWTOHEX('Test Full Size'));
Insert into pacs_images values (13, 2580, RAWTOHEX('Test Thumbnail'), RAWTOHEX('Test Regular Size'), RAWTOHEX('Test Full Size'));
Insert into pacs_images values (13, 2590, RAWTOHEX('Test Thumbnail'), RAWTOHEX('Test Regular Size'), RAWTOHEX('Test Full Size'));
Insert into pacs_images values (13, 2600, RAWTOHEX('Test Thumbnail'), RAWTOHEX('Test Regular Size'), RAWTOHEX('Test Full Size'));
Insert into pacs_images values (13, 2610, RAWTOHEX('Test Thumbnail'), RAWTOHEX('Test Regular Size'), RAWTOHEX('Test Full Size'));
Insert into pacs_images values (13, 2620, RAWTOHEX('Test Thumbnail'), RAWTOHEX('Test Regular Size'), RAWTOHEX('Test Full Size'));
Insert into pacs_images values (13, 2630, RAWTOHEX('Test Thumbnail'), RAWTOHEX('Test Regular Size'), RAWTOHEX('Test Full Size'));
Insert into pacs_images values (13, 2640, RAWTOHEX('Test Thumbnail'), RAWTOHEX('Test Regular Size'), RAWTOHEX('Test Full Size'));
Insert into pacs_images values (13, 2650, RAWTOHEX('Test Thumbnail'), RAWTOHEX('Test Regular Size'), RAWTOHEX('Test Full Size'));
Insert into pacs_images values (14, 2660, RAWTOHEX('Test Thumbnail'), RAWTOHEX('Test Regular Size'), RAWTOHEX('Test Full Size'));
Insert into pacs_images values (14, 2670, RAWTOHEX('Test Thumbnail'), RAWTOHEX('Test Regular Size'), RAWTOHEX('Test Full Size'));
Insert into pacs_images values (14, 2680, RAWTOHEX('Test Thumbnail'), RAWTOHEX('Test Regular Size'), RAWTOHEX('Test Full Size'));
Insert into pacs_images values (14, 2690, RAWTOHEX('Test Thumbnail'), RAWTOHEX('Test Regular Size'), RAWTOHEX('Test Full Size'));
Insert into pacs_images values (14, 2700, RAWTOHEX('Test Thumbnail'), RAWTOHEX('Test Regular Size'), RAWTOHEX('Test Full Size'));
Insert into pacs_images values (14, 2710, RAWTOHEX('Test Thumbnail'), RAWTOHEX('Test Regular Size'), RAWTOHEX('Test Full Size'));
Insert into pacs_images values (14, 2720, RAWTOHEX('Test Thumbnail'), RAWTOHEX('Test Regular Size'), RAWTOHEX('Test Full Size'));
Insert into pacs_images values (14, 2730, RAWTOHEX('Test Thumbnail'), RAWTOHEX('Test Regular Size'), RAWTOHEX('Test Full Size'));
Insert into pacs_images values (14, 2740, RAWTOHEX('Test Thumbnail'), RAWTOHEX('Test Regular Size'), RAWTOHEX('Test Full Size'));
Insert into pacs_images values (14, 2750, RAWTOHEX('Test Thumbnail'), RAWTOHEX('Test Regular Size'), RAWTOHEX('Test Full Size'));
Insert into pacs_images values (14, 2760, RAWTOHEX('Test Thumbnail'), RAWTOHEX('Test Regular Size'), RAWTOHEX('Test Full Size'));
Insert into pacs_images values (14, 2770, RAWTOHEX('Test Thumbnail'), RAWTOHEX('Test Regular Size'), RAWTOHEX('Test Full Size'));
Insert into pacs_images values (14, 2780, RAWTOHEX('Test Thumbnail'), RAWTOHEX('Test Regular Size'), RAWTOHEX('Test Full Size'));
Insert into pacs_images values (14, 2790, RAWTOHEX('Test Thumbnail'), RAWTOHEX('Test Regular Size'), RAWTOHEX('Test Full Size'));
Insert into pacs_images values (14, 2800, RAWTOHEX('Test Thumbnail'), RAWTOHEX('Test Regular Size'), RAWTOHEX('Test Full Size'));
Insert into pacs_images values (14, 2810, RAWTOHEX('Test Thumbnail'), RAWTOHEX('Test Regular Size'), RAWTOHEX('Test Full Size'));
Insert into pacs_images values (14, 2820, RAWTOHEX('Test Thumbnail'), RAWTOHEX('Test Regular Size'), RAWTOHEX('Test Full Size'));
Insert into pacs_images values (14, 2830, RAWTOHEX('Test Thumbnail'), RAWTOHEX('Test Regular Size'), RAWTOHEX('Test Full Size'));
Insert into pacs_images values (14, 2840, RAWTOHEX('Test Thumbnail'), RAWTOHEX('Test Regular Size'), RAWTOHEX('Test Full Size'));
Insert into pacs_images values (14, 2850, RAWTOHEX('Test Thumbnail'), RAWTOHEX('Test Regular Size'), RAWTOHEX('Test Full Size'));
Insert into pacs_images values (15, 2860, RAWTOHEX('Test Thumbnail'), RAWTOHEX('Test Regular Size'), RAWTOHEX('Test Full Size'));
Insert into pacs_images values (15, 2870, RAWTOHEX('Test Thumbnail'), RAWTOHEX('Test Regular Size'), RAWTOHEX('Test Full Size'));
Insert into pacs_images values (15, 2880, RAWTOHEX('Test Thumbnail'), RAWTOHEX('Test Regular Size'), RAWTOHEX('Test Full Size'));
Insert into pacs_images values (15, 2890, RAWTOHEX('Test Thumbnail'), RAWTOHEX('Test Regular Size'), RAWTOHEX('Test Full Size'));
Insert into pacs_images values (15, 2900, RAWTOHEX('Test Thumbnail'), RAWTOHEX('Test Regular Size'), RAWTOHEX('Test Full Size'));
Insert into pacs_images values (15, 2910, RAWTOHEX('Test Thumbnail'), RAWTOHEX('Test Regular Size'), RAWTOHEX('Test Full Size'));
Insert into pacs_images values (15, 2920, RAWTOHEX('Test Thumbnail'), RAWTOHEX('Test Regular Size'), RAWTOHEX('Test Full Size'));
Insert into pacs_images values (15, 2930, RAWTOHEX('Test Thumbnail'), RAWTOHEX('Test Regular Size'), RAWTOHEX('Test Full Size'));
Insert into pacs_images values (15, 2940, RAWTOHEX('Test Thumbnail'), RAWTOHEX('Test Regular Size'), RAWTOHEX('Test Full Size'));
Insert into pacs_images values (15, 2950, RAWTOHEX('Test Thumbnail'), RAWTOHEX('Test Regular Size'), RAWTOHEX('Test Full Size'));
Insert into pacs_images values (15, 2960, RAWTOHEX('Test Thumbnail'), RAWTOHEX('Test Regular Size'), RAWTOHEX('Test Full Size'));
Insert into pacs_images values (15, 2970, RAWTOHEX('Test Thumbnail'), RAWTOHEX('Test Regular Size'), RAWTOHEX('Test Full Size'));
Insert into pacs_images values (15, 2980, RAWTOHEX('Test Thumbnail'), RAWTOHEX('Test Regular Size'), RAWTOHEX('Test Full Size'));
Insert into pacs_images values (15, 2990, RAWTOHEX('Test Thumbnail'), RAWTOHEX('Test Regular Size'), RAWTOHEX('Test Full Size'));
Insert into pacs_images values (15, 3000, RAWTOHEX('Test Thumbnail'), RAWTOHEX('Test Regular Size'), RAWTOHEX('Test Full Size'));
Insert into pacs_images values (15, 3010, RAWTOHEX('Test Thumbnail'), RAWTOHEX('Test Regular Size'), RAWTOHEX('Test Full Size'));
Insert into pacs_images values (15, 3020, RAWTOHEX('Test Thumbnail'), RAWTOHEX('Test Regular Size'), RAWTOHEX('Test Full Size'));
Insert into pacs_images values (15, 3030, RAWTOHEX('Test Thumbnail'), RAWTOHEX('Test Regular Size'), RAWTOHEX('Test Full Size'));
Insert into pacs_images values (16, 3040, RAWTOHEX('Test Thumbnail'), RAWTOHEX('Test Regular Size'), RAWTOHEX('Test Full Size'));
Insert into pacs_images values (16, 3050, RAWTOHEX('Test Thumbnail'), RAWTOHEX('Test Regular Size'), RAWTOHEX('Test Full Size'));
Insert into pacs_images values (16, 3060, RAWTOHEX('Test Thumbnail'), RAWTOHEX('Test Regular Size'), RAWTOHEX('Test Full Size'));
Insert into pacs_images values (16, 3070, RAWTOHEX('Test Thumbnail'), RAWTOHEX('Test Regular Size'), RAWTOHEX('Test Full Size'));
Insert into pacs_images values (16, 3080, RAWTOHEX('Test Thumbnail'), RAWTOHEX('Test Regular Size'), RAWTOHEX('Test Full Size'));
Insert into pacs_images values (16, 3090, RAWTOHEX('Test Thumbnail'), RAWTOHEX('Test Regular Size'), RAWTOHEX('Test Full Size'));
Insert into pacs_images values (16, 3100, RAWTOHEX('Test Thumbnail'), RAWTOHEX('Test Regular Size'), RAWTOHEX('Test Full Size'));
Insert into pacs_images values (16, 3110, RAWTOHEX('Test Thumbnail'), RAWTOHEX('Test Regular Size'), RAWTOHEX('Test Full Size'));
Insert into pacs_images values (16, 3120, RAWTOHEX('Test Thumbnail'), RAWTOHEX('Test Regular Size'), RAWTOHEX('Test Full Size'));
Insert into pacs_images values (16, 3130, RAWTOHEX('Test Thumbnail'), RAWTOHEX('Test Regular Size'), RAWTOHEX('Test Full Size'));
Insert into pacs_images values (16, 3140, RAWTOHEX('Test Thumbnail'), RAWTOHEX('Test Regular Size'), RAWTOHEX('Test Full Size'));
Insert into pacs_images values (16, 3150, RAWTOHEX('Test Thumbnail'), RAWTOHEX('Test Regular Size'), RAWTOHEX('Test Full Size'));
Insert into pacs_images values (16, 3160, RAWTOHEX('Test Thumbnail'), RAWTOHEX('Test Regular Size'), RAWTOHEX('Test Full Size'));
Insert into pacs_images values (16, 3170, RAWTOHEX('Test Thumbnail'), RAWTOHEX('Test Regular Size'), RAWTOHEX('Test Full Size'));
Insert into pacs_images values (16, 3180, RAWTOHEX('Test Thumbnail'), RAWTOHEX('Test Regular Size'), RAWTOHEX('Test Full Size'));
Insert into pacs_images values (16, 3190, RAWTOHEX('Test Thumbnail'), RAWTOHEX('Test Regular Size'), RAWTOHEX('Test Full Size'));
Insert into pacs_images values (16, 3200, RAWTOHEX('Test Thumbnail'), RAWTOHEX('Test Regular Size'), RAWTOHEX('Test Full Size'));
Insert into pacs_images values (16, 3210, RAWTOHEX('Test Thumbnail'), RAWTOHEX('Test Regular Size'), RAWTOHEX('Test Full Size'));
Insert into pacs_images values (16, 3220, RAWTOHEX('Test Thumbnail'), RAWTOHEX('Test Regular Size'), RAWTOHEX('Test Full Size'));
Insert into pacs_images values (16, 3230, RAWTOHEX('Test Thumbnail'), RAWTOHEX('Test Regular Size'), RAWTOHEX('Test Full Size'));
Insert into pacs_images values (17, 3240, RAWTOHEX('Test Thumbnail'), RAWTOHEX('Test Regular Size'), RAWTOHEX('Test Full Size'));
Insert into pacs_images values (17, 3250, RAWTOHEX('Test Thumbnail'), RAWTOHEX('Test Regular Size'), RAWTOHEX('Test Full Size'));
Insert into pacs_images values (17, 3260, RAWTOHEX('Test Thumbnail'), RAWTOHEX('Test Regular Size'), RAWTOHEX('Test Full Size'));
Insert into pacs_images values (17, 3270, RAWTOHEX('Test Thumbnail'), RAWTOHEX('Test Regular Size'), RAWTOHEX('Test Full Size'));
Insert into pacs_images values (17, 3280, RAWTOHEX('Test Thumbnail'), RAWTOHEX('Test Regular Size'), RAWTOHEX('Test Full Size'));
Insert into pacs_images values (17, 3290, RAWTOHEX('Test Thumbnail'), RAWTOHEX('Test Regular Size'), RAWTOHEX('Test Full Size'));
Insert into pacs_images values (17, 3300, RAWTOHEX('Test Thumbnail'), RAWTOHEX('Test Regular Size'), RAWTOHEX('Test Full Size'));
Insert into pacs_images values (17, 3310, RAWTOHEX('Test Thumbnail'), RAWTOHEX('Test Regular Size'), RAWTOHEX('Test Full Size'));
Insert into pacs_images values (17, 3320, RAWTOHEX('Test Thumbnail'), RAWTOHEX('Test Regular Size'), RAWTOHEX('Test Full Size'));
Insert into pacs_images values (17, 3330, RAWTOHEX('Test Thumbnail'), RAWTOHEX('Test Regular Size'), RAWTOHEX('Test Full Size'));
Insert into pacs_images values (17, 3340, RAWTOHEX('Test Thumbnail'), RAWTOHEX('Test Regular Size'), RAWTOHEX('Test Full Size'));
Insert into pacs_images values (17, 3350, RAWTOHEX('Test Thumbnail'), RAWTOHEX('Test Regular Size'), RAWTOHEX('Test Full Size'));
Insert into pacs_images values (17, 3360, RAWTOHEX('Test Thumbnail'), RAWTOHEX('Test Regular Size'), RAWTOHEX('Test Full Size'));
Insert into pacs_images values (17, 3370, RAWTOHEX('Test Thumbnail'), RAWTOHEX('Test Regular Size'), RAWTOHEX('Test Full Size'));
Insert into pacs_images values (17, 3380, RAWTOHEX('Test Thumbnail'), RAWTOHEX('Test Regular Size'), RAWTOHEX('Test Full Size'));
Insert into pacs_images values (17, 3390, RAWTOHEX('Test Thumbnail'), RAWTOHEX('Test Regular Size'), RAWTOHEX('Test Full Size'));
Insert into pacs_images values (17, 3400, RAWTOHEX('Test Thumbnail'), RAWTOHEX('Test Regular Size'), RAWTOHEX('Test Full Size'));
Insert into pacs_images values (17, 3410, RAWTOHEX('Test Thumbnail'), RAWTOHEX('Test Regular Size'), RAWTOHEX('Test Full Size'));
Insert into pacs_images values (18, 3420, RAWTOHEX('Test Thumbnail'), RAWTOHEX('Test Regular Size'), RAWTOHEX('Test Full Size'));
Insert into pacs_images values (18, 3430, RAWTOHEX('Test Thumbnail'), RAWTOHEX('Test Regular Size'), RAWTOHEX('Test Full Size'));
Insert into pacs_images values (18, 3440, RAWTOHEX('Test Thumbnail'), RAWTOHEX('Test Regular Size'), RAWTOHEX('Test Full Size'));
Insert into pacs_images values (18, 3450, RAWTOHEX('Test Thumbnail'), RAWTOHEX('Test Regular Size'), RAWTOHEX('Test Full Size'));
Insert into pacs_images values (18, 3460, RAWTOHEX('Test Thumbnail'), RAWTOHEX('Test Regular Size'), RAWTOHEX('Test Full Size'));
Insert into pacs_images values (18, 3470, RAWTOHEX('Test Thumbnail'), RAWTOHEX('Test Regular Size'), RAWTOHEX('Test Full Size'));
Insert into pacs_images values (18, 3480, RAWTOHEX('Test Thumbnail'), RAWTOHEX('Test Regular Size'), RAWTOHEX('Test Full Size'));
Insert into pacs_images values (18, 3490, RAWTOHEX('Test Thumbnail'), RAWTOHEX('Test Regular Size'), RAWTOHEX('Test Full Size'));
Insert into pacs_images values (18, 3500, RAWTOHEX('Test Thumbnail'), RAWTOHEX('Test Regular Size'), RAWTOHEX('Test Full Size'));
Insert into pacs_images values (18, 3510, RAWTOHEX('Test Thumbnail'), RAWTOHEX('Test Regular Size'), RAWTOHEX('Test Full Size'));
Insert into pacs_images values (18, 3520, RAWTOHEX('Test Thumbnail'), RAWTOHEX('Test Regular Size'), RAWTOHEX('Test Full Size'));
Insert into pacs_images values (18, 3530, RAWTOHEX('Test Thumbnail'), RAWTOHEX('Test Regular Size'), RAWTOHEX('Test Full Size'));
Insert into pacs_images values (18, 3540, RAWTOHEX('Test Thumbnail'), RAWTOHEX('Test Regular Size'), RAWTOHEX('Test Full Size'));
Insert into pacs_images values (18, 3550, RAWTOHEX('Test Thumbnail'), RAWTOHEX('Test Regular Size'), RAWTOHEX('Test Full Size'));
Insert into pacs_images values (18, 3560, RAWTOHEX('Test Thumbnail'), RAWTOHEX('Test Regular Size'), RAWTOHEX('Test Full Size'));
Insert into pacs_images values (18, 3570, RAWTOHEX('Test Thumbnail'), RAWTOHEX('Test Regular Size'), RAWTOHEX('Test Full Size'));
Insert into pacs_images values (18, 3580, RAWTOHEX('Test Thumbnail'), RAWTOHEX('Test Regular Size'), RAWTOHEX('Test Full Size'));
Insert into pacs_images values (18, 3590, RAWTOHEX('Test Thumbnail'), RAWTOHEX('Test Regular Size'), RAWTOHEX('Test Full Size'));
Insert into pacs_images values (18, 3600, RAWTOHEX('Test Thumbnail'), RAWTOHEX('Test Regular Size'), RAWTOHEX('Test Full Size'));
Insert into pacs_images values (18, 3610, RAWTOHEX('Test Thumbnail'), RAWTOHEX('Test Regular Size'), RAWTOHEX('Test Full Size'));
Insert into pacs_images values (19, 3620, RAWTOHEX('Test Thumbnail'), RAWTOHEX('Test Regular Size'), RAWTOHEX('Test Full Size'));
Insert into pacs_images values (19, 3630, RAWTOHEX('Test Thumbnail'), RAWTOHEX('Test Regular Size'), RAWTOHEX('Test Full Size'));
Insert into pacs_images values (19, 3640, RAWTOHEX('Test Thumbnail'), RAWTOHEX('Test Regular Size'), RAWTOHEX('Test Full Size'));
Insert into pacs_images values (19, 3650, RAWTOHEX('Test Thumbnail'), RAWTOHEX('Test Regular Size'), RAWTOHEX('Test Full Size'));
Insert into pacs_images values (19, 3660, RAWTOHEX('Test Thumbnail'), RAWTOHEX('Test Regular Size'), RAWTOHEX('Test Full Size'));
Insert into pacs_images values (19, 3670, RAWTOHEX('Test Thumbnail'), RAWTOHEX('Test Regular Size'), RAWTOHEX('Test Full Size'));
Insert into pacs_images values (19, 3680, RAWTOHEX('Test Thumbnail'), RAWTOHEX('Test Regular Size'), RAWTOHEX('Test Full Size'));
Insert into pacs_images values (19, 3690, RAWTOHEX('Test Thumbnail'), RAWTOHEX('Test Regular Size'), RAWTOHEX('Test Full Size'));
Insert into pacs_images values (19, 3700, RAWTOHEX('Test Thumbnail'), RAWTOHEX('Test Regular Size'), RAWTOHEX('Test Full Size'));
Insert into pacs_images values (19, 3710, RAWTOHEX('Test Thumbnail'), RAWTOHEX('Test Regular Size'), RAWTOHEX('Test Full Size'));
Insert into pacs_images values (19, 3720, RAWTOHEX('Test Thumbnail'), RAWTOHEX('Test Regular Size'), RAWTOHEX('Test Full Size'));
Insert into pacs_images values (19, 3730, RAWTOHEX('Test Thumbnail'), RAWTOHEX('Test Regular Size'), RAWTOHEX('Test Full Size'));
Insert into pacs_images values (19, 3740, RAWTOHEX('Test Thumbnail'), RAWTOHEX('Test Regular Size'), RAWTOHEX('Test Full Size'));
Insert into pacs_images values (19, 3750, RAWTOHEX('Test Thumbnail'), RAWTOHEX('Test Regular Size'), RAWTOHEX('Test Full Size'));
Insert into pacs_images values (19, 3760, RAWTOHEX('Test Thumbnail'), RAWTOHEX('Test Regular Size'), RAWTOHEX('Test Full Size'));
Insert into pacs_images values (19, 3770, RAWTOHEX('Test Thumbnail'), RAWTOHEX('Test Regular Size'), RAWTOHEX('Test Full Size'));
Insert into pacs_images values (19, 3780, RAWTOHEX('Test Thumbnail'), RAWTOHEX('Test Regular Size'), RAWTOHEX('Test Full Size'));
Insert into pacs_images values (19, 3790, RAWTOHEX('Test Thumbnail'), RAWTOHEX('Test Regular Size'), RAWTOHEX('Test Full Size'));
Commit;